Experiment,time(min),Input 1 Pre,Input 2 Pre,Input 1,Input 2,Observable 1 mean,Observable 1 sd,Observable 2 mean,Observable 2 sd,Observable 3 mean,Observable 3 sd,Observable 4 mean,Observable 4 sd
1,0,1.00E-07,100,1.00E-07,100,1.06E-07,9.56E-09,42.181,3.9293,2967.6,276.99,147.44,13.407
1,5,1.00E-07,100,1.00E-07,100,1.06E-07,9.56E-09,32.023,3.9293,2586,276.99,139.32,13.407
1,10,1.00E-07,100,1.00E-07,100,8.97E-08,9.56E-09,35.302,3.9293,2402.8,276.99,151.29,13.407
1,15,1.00E-07,100,1.00E-07,100,1.03E-07,9.56E-09,36.949,3.9293,2599.5,276.99,110.77,13.407
1,20,1.00E-07,100,1.00E-07,100,9.05E-08,9.56E-09,37.826,3.9293,3054.3,276.99,125.18,13.407
1,25,1.00E-07,100,1.00E-07,100,9.23E-08,9.56E-09,48.643,3.9293,2924.5,276.99,108.29,13.407
1,30,1.00E-07,100,1.00E-07,100,8.92E-08,9.56E-09,36.757,3.9293,2403.2,276.99,132.98,13.407
1,35,1.00E-07,100,1.00E-07,100,9.58E-08,9.56E-09,36.414,3.9293,2859.8,276.99,139.39,13.407
1,40,1.00E-07,100,1.00E-07,100,9.49E-08,9.56E-09,31.156,3.9293,2731.7,276.99,153.59,13.407
1,45,1.00E-07,100,1.00E-07,100,9.17E-08,9.56E-09,40.915,3.9293,2836.6,276.99,110.29,13.407
1,50,1.00E-07,100,1.00E-07,100,1.00E-07,9.56E-09,31.707,3.9293,3533.3,276.99,140.84,13.407
1,55,1.00E-07,100,1.00E-07,100,9.95E-08,9.56E-09,41.701,3.9293,2965.7,276.99,133.4,13.407
1,60,1.00E-07,100,1.00E-07,100,9.26E-08,9.56E-09,42.398,3.9293,2819,276.99,131.79,13.407
1,65,1.00E-07,100,1.00E-07,100,8.37E-08,9.56E-09,41.037,3.9293,3150.1,276.99,145.53,13.407
1,70,1.00E-07,100,1.00E-07,100,1.01E-07,9.56E-09,40.876,3.9293,2752.1,276.99,145.96,13.407
1,75,1.00E-07,100,1.00E-07,100,1.00E-07,9.56E-09,34.805,3.9293,2436.4,276.99,121.52,13.407
1,80,1.00E-07,100,1.00E-07,100,1.03E-07,9.56E-09,37.399,3.9293,2814.4,276.99,128.69,13.407
1,85,1.00E-07,100,1.00E-07,100,8.24E-08,9.56E-09,39.697,3.9293,2561.6,276.99,134.7,13.407
1,90,1.00E-07,100,1.00E-07,100,1.20E-07,9.56E-09,38.394,3.9293,2456.1,276.99,120.77,13.407
1,95,1.00E-07,100,1.00E-07,100,8.81E-08,9.56E-09,36.934,3.9293,2876.1,276.99,116.82,13.407
1,100,1.00E-07,100,1.00E-07,100,8.49E-08,9.56E-09,43.284,3.9293,2803,276.99,146.54,13.407
1,105,1.00E-07,100,1.00E-07,100,9.60E-08,9.56E-09,40.386,3.9293,3157.3,276.99,129.63,13.407
1,110,1.00E-07,100,1.00E-07,100,9.97E-08,9.56E-09,35.031,3.9293,2529.9,276.99,132.12,13.407
1,115,1.00E-07,100,1.00E-07,100,8.96E-08,9.56E-09,42.199,3.9293,3115.5,276.99,119.67,13.407
1,120,1.00E-07,100,1.00E-07,100,9.62E-08,9.56E-09,41.438,3.9293,2942.7,276.99,151.6,13.407
1,125,1.00E-07,100,1.00E-07,100,9.48E-08,9.56E-09,42.828,3.9293,2758.9,276.99,138.64,13.407
1,130,1.00E-07,100,1.00E-07,100,9.69E-08,9.56E-09,37.292,3.9293,3220.9,276.99,130.23,13.407
1,135,1.00E-07,100,1.00E-07,100,8.33E-08,9.56E-09,40.644,3.9293,3061.3,276.99,141.49,13.407
1,140,1.00E-07,100,1.00E-07,100,9.48E-08,9.56E-09,37.625,3.9293,3169.5,276.99,162.08,13.407
1,145,1.00E-07,100,1.00E-07,100,1.01E-07,9.56E-09,36.688,3.9293,2427.8,276.99,136.51,13.407
1,150,1.00E-07,100,1.00E-07,100,9.80E-08,9.56E-09,41.398,3.9293,2908.7,276.99,140.2,13.407
1,155,1.00E-07,100,1.00E-07,100,9.15E-08,9.56E-09,37.595,3.9293,2414.2,276.99,136.13,13.407
1,160,1.00E-07,100,1.00E-07,100,1.05E-07,9.56E-09,44.536,3.9293,2804,276.99,121.24,13.407
1,165,1.00E-07,100,1.00E-07,100,9.32E-08,9.56E-09,41.306,3.9293,2832.3,276.99,129,13.407
1,170,1.00E-07,100,1.00E-07,100,9.28E-08,9.56E-09,39.764,3.9293,2881.2,276.99,127.08,13.407
1,175,1.00E-07,100,1.00E-07,100,8.98E-08,9.56E-09,40.756,3.9293,2751,276.99,117.41,13.407
1,180,1.00E-07,100,1.00E-07,100,8.85E-08,9.56E-09,40.294,3.9293,3167.5,276.99,125.6,13.407
1,185,1.00E-07,100,1.00E-07,100,1.03E-07,9.56E-09,43.359,3.9293,2964.4,276.99,137.51,13.407
1,190,1.00E-07,100,1.00E-07,100,8.69E-08,9.56E-09,37.803,3.9293,2976.3,276.99,104.16,13.407
1,195,1.00E-07,100,1.00E-07,100,1.04E-07,9.56E-09,40.713,3.9293,3129,276.99,122.23,13.407
1,200,1.00E-07,100,1.00E-07,100,8.90E-08,9.56E-09,36.747,3.9293,2764.9,276.99,142.59,13.407
1,205,1.00E-07,100,1.00E-07,100,9.06E-08,9.56E-09,40.074,3.9293,2803,276.99,127.71,13.407
1,210,1.00E-07,100,1.00E-07,100,8.09E-08,9.56E-09,47.413,3.9293,2969.7,276.99,152.15,13.407
1,215,1.00E-07,100,1.00E-07,100,9.36E-08,9.56E-09,39.48,3.9293,2481.1,276.99,130.93,13.407
1,220,1.00E-07,100,1.00E-07,100,1.00E-07,9.56E-09,32.909,3.9293,2542.7,276.99,134.9,13.407
1,225,1.00E-07,100,1.00E-07,100,9.55E-08,9.56E-09,42.012,3.9293,2883.8,276.99,132.31,13.407
1,230,1.00E-07,100,1.00E-07,100,8.75E-08,9.56E-09,39.813,3.9293,2649.9,276.99,132.95,13.407
1,235,1.00E-07,100,1.00E-07,100,9.62E-08,9.56E-09,39.787,3.9293,2466.2,276.99,146.99,13.407
1,240,1.00E-07,100,1.00E-07,100,1.09E-07,9.56E-09,45.368,3.9293,3152.2,276.99,133.67,13.407
1,245,1.00E-07,100,1.00E-07,100,7.39E-08,9.56E-09,36.514,3.9293,2172.1,276.99,134.52,13.407
1,250,1.00E-07,100,1.00E-07,100,9.29E-08,9.56E-09,33.714,3.9293,2933.9,276.99,127.38,13.407
1,255,1.00E-07,100,1.00E-07,100,1.00E-07,9.56E-09,43.299,3.9293,2568.1,276.99,114.41,13.407
1,260,1.00E-07,100,1.00E-07,100,1.01E-07,9.56E-09,42.982,3.9293,3029,276.99,141.25,13.407
1,265,1.00E-07,100,1.00E-07,100,9.75E-08,9.56E-09,42.917,3.9293,3077,276.99,134.97,13.407
1,270,1.00E-07,100,1.00E-07,100,1.03E-07,9.56E-09,35.752,3.9293,2741.1,276.99,144.12,13.407
1,275,1.00E-07,100,1.00E-07,100,9.03E-08,9.56E-09,39.532,3.9293,2657.9,276.99,139.03,13.407
1,280,1.00E-07,100,1.00E-07,100,9.59E-08,9.56E-09,43.09,3.9293,2831.3,276.99,141.13,13.407
1,285,1.00E-07,100,1.00E-07,100,9.88E-08,9.56E-09,40.757,3.9293,2539.2,276.99,114.7,13.407
1,290,1.00E-07,100,1.00E-07,100,8.35E-08,9.56E-09,29.634,3.9293,2738.4,276.99,120.15,13.407
1,295,1.00E-07,100,1.00E-07,100,1.01E-07,9.56E-09,42.609,3.9293,3309.3,276.99,125.66,13.407
1,300,1.00E-07,100,1.00E-07,100,1.00E-07,9.56E-09,40.243,3.9293,2734.3,276.99,121.53,13.407
1,305,1.00E-07,100,1.00E-07,100,1.10E-07,9.56E-09,45.829,3.9293,2837.3,276.99,154.07,13.407
1,310,1.00E-07,100,1.00E-07,100,9.27E-08,9.56E-09,40.884,3.9293,2500.4,276.99,123.38,13.407
1,315,1.00E-07,100,1.00E-07,100,9.22E-08,9.56E-09,39.55,3.9293,3440.8,276.99,140.84,13.407
1,320,1.00E-07,100,1.00E-07,100,8.17E-08,9.56E-09,42.802,3.9293,2619.4,276.99,142.73,13.407
1,325,1.00E-07,100,1.00E-07,100,8.59E-08,9.56E-09,42.441,3.9293,2806.2,276.99,119.61,13.407
1,330,1.00E-07,100,1.00E-07,100,8.42E-08,9.56E-09,43.524,3.9293,2530.2,276.99,142.58,13.407
1,335,1.00E-07,100,1.00E-07,100,9.11E-08,9.56E-09,44.194,3.9293,2636.8,276.99,130.76,13.407
1,340,1.00E-07,100,1.00E-07,100,7.12E-08,9.56E-09,38.171,3.9293,2678,276.99,147.35,13.407
1,345,1.00E-07,100,1.00E-07,100,9.34E-08,9.56E-09,45.049,3.9293,2448.3,276.99,137.53,13.407
1,350,1.00E-07,100,1.00E-07,100,9.95E-08,9.56E-09,39.148,3.9293,2628.2,276.99,142.5,13.407
1,355,1.00E-07,100,1.00E-07,100,1.08E-07,9.56E-09,35.789,3.9293,2712.8,276.99,131.05,13.407
1,360,1.00E-07,100,1.00E-07,100,1.26E-07,9.56E-09,41.149,3.9293,2652.1,276.99,136.26,13.407
1,365,1.00E-07,100,1.00E-07,100,1.01E-07,9.56E-09,35.67,3.9293,3018.3,276.99,154.21,13.407
1,370,1.00E-07,100,1.00E-07,100,8.68E-08,9.56E-09,43.851,3.9293,3060.9,276.99,114.16,13.407
1,375,1.00E-07,100,1.00E-07,100,1.04E-07,9.56E-09,38.241,3.9293,2723,276.99,133.76,13.407
1,380,1.00E-07,100,1.00E-07,100,8.63E-08,9.56E-09,36.955,3.9293,3130.5,276.99,131.06,13.407
1,385,1.00E-07,100,1.00E-07,100,9.48E-08,9.56E-09,39.919,3.9293,2638.6,276.99,130.25,13.407
1,390,1.00E-07,100,1.00E-07,100,9.89E-08,9.56E-09,44.39,3.9293,2434.3,276.99,126.49,13.407
1,395,1.00E-07,100,1.00E-07,100,9.26E-08,9.56E-09,37.017,3.9293,2905.6,276.99,124.42,13.407
1,400,1.00E-07,100,1.00E-07,100,9.67E-08,9.56E-09,40.741,3.9293,2328,276.99,129.95,13.407
1,405,1.00E-07,100,1.00E-07,100,9.46E-08,9.56E-09,39.624,3.9293,3182.4,276.99,136.49,13.407
1,410,1.00E-07,100,1.00E-07,100,8.32E-08,9.56E-09,35.705,3.9293,2754.4,276.99,124.6,13.407
1,415,1.00E-07,100,1.00E-07,100,9.10E-08,9.56E-09,34.742,3.9293,2764.2,276.99,147.33,13.407
1,420,1.00E-07,100,1,1.00E-07,8.65E-08,9.56E-09,34.654,3.9293,2569.9,276.99,139.35,13.407
1,425,1.00E-07,100,1,1.00E-07,0.8562,0.080644,42.081,3.43,3257.5,276.96,124.74,14.058
1,430,1.00E-07,100,1,1.00E-07,0.95982,0.093231,26.324,2.9942,2882.7,276.84,135.92,14.925
1,435,1.00E-07,100,1,1.00E-07,0.8375,0.095195,29.468,2.6137,2795.8,276.61,148.78,15.757
1,440,1.00E-07,100,1,1.00E-07,0.80765,0.095502,26.604,2.2816,2432.9,276.23,188.4,16.529
1,445,1.00E-07,100,1,1.00E-07,0.98884,0.09555,18.486,1.9917,2672.7,275.68,189.64,17.242
1,450,1.00E-07,100,1,1.00E-07,0.98305,0.095557,18.303,1.7386,2609.3,274.92,201.82,17.9
1,455,1.00E-07,100,1,1.00E-07,1.0348,0.095558,13.953,1.5177,2701.1,273.91,179.56,18.509
1,460,1.00E-07,100,1,1.00E-07,0.91268,0.095558,12.039,1.3248,2841.1,272.62,190.46,19.072
1,465,1.00E-07,100,1,1.00E-07,0.97263,0.095558,12.588,1.1565,2902.9,271.01,200.05,19.594
1,470,1.00E-07,100,1,1.00E-07,0.97121,0.095558,10.487,1.0095,2445.3,269.04,207.26,20.08
1,475,1.00E-07,100,1,1.00E-07,1.1182,0.095558,8.2801,0.88124,3072.6,266.66,185.96,20.534
1,480,1.00E-07,100,1,1.00E-07,0.87526,0.095558,8.1663,0.76926,2354,263.84,218.17,20.958
1,485,1.00E-07,100,1,1.00E-07,1.0226,0.095558,5.8642,0.67151,2441.6,260.55,179.82,21.357
1,490,1.00E-07,100,1,1.00E-07,0.90954,0.095558,6.0729,0.58618,2663.3,256.77,220.77,21.735
1,495,1.00E-07,100,1,1.00E-07,1.1259,0.095558,5.342,0.5117,2070.4,252.49,258.42,22.094
1,500,1.00E-07,100,1,1.00E-07,0.95007,0.095558,4.3743,0.44668,2548.3,247.7,263.53,22.439
1,505,1.00E-07,100,1,1.00E-07,0.71258,0.095558,3.7504,0.38992,2298,242.41,227.73,22.771
1,510,1.00E-07,100,1,1.00E-07,0.95782,0.095558,3.7981,0.34037,2366.9,236.63,243.9,23.095
1,515,1.00E-07,100,1,1.00E-07,0.8541,0.095558,3.1195,0.29712,2278.9,230.4,220.59,23.413
1,520,1.00E-07,100,1,1.00E-07,0.79564,0.095558,1.9121,0.25936,2185.6,223.76,224.05,23.728
1,525,1.00E-07,100,1,1.00E-07,1.0443,0.095558,2.4448,0.22641,2420.7,216.74,266.17,24.043
1,530,1.00E-07,100,1,1.00E-07,0.80965,0.095558,2.414,0.19764,2018.7,209.41,256.17,24.36
1,535,1.00E-07,100,1,1.00E-07,0.89413,0.095558,1.4582,0.17252,2163.8,201.82,265.33,24.682
1,540,1.00E-07,100,1,1.00E-07,1.1095,0.095558,1.7541,0.1506,1821.4,194.02,213.16,25.012
1,545,1.00E-07,100,1,1.00E-07,1.0454,0.095558,1.4587,0.13146,1545.4,186.09,233.73,25.351
1,550,1.00E-07,100,1,1.00E-07,0.89006,0.095558,1.2703,0.11476,1704.4,178.08,224.18,25.701
1,555,1.00E-07,100,1,1.00E-07,0.88739,0.095558,0.91736,0.10018,1538.1,170.04,285.45,26.066
1,560,1.00E-07,100,1,1.00E-07,1.3038,0.095558,0.89549,0.087447,1946.9,162.03,247.39,26.447
1,565,1.00E-07,100,1,1.00E-07,0.85011,0.095558,0.76918,0.076335,1690.3,154.1,241.83,26.845
1,570,1.00E-07,100,1,1.00E-07,1.0311,0.095558,0.57089,0.066636,1415.3,146.29,278.35,27.263
1,575,1.00E-07,100,1,1.00E-07,0.93094,0.095558,0.49895,0.058168,1355.1,138.63,306.75,27.703
1,580,1.00E-07,100,1,1.00E-07,1.0502,0.095558,0.45961,0.050777,1369.5,131.17,221.66,28.167
1,585,1.00E-07,100,1,1.00E-07,0.93882,0.095558,0.4687,0.044325,1348,123.91,322.21,28.655
1,590,1.00E-07,100,1,1.00E-07,1.0281,0.095558,0.41851,0.038692,1225.8,116.9,273.86,29.17
1,595,1.00E-07,100,1,1.00E-07,0.93895,0.095558,0.32406,0.033776,1069.9,110.14,309.72,29.713
1,600,1.00E-07,100,1,1.00E-07,0.95131,0.095558,0.3069,0.029484,965.31,103.65,292.41,30.286
1,605,1.00E-07,100,1,1.00E-07,1.1093,0.095558,0.2654,0.025737,963.47,97.432,305.75,30.89
1,610,1.00E-07,100,1,1.00E-07,1.0036,0.095558,0.24854,0.022467,1023.6,91.495,307.52,31.527
1,615,1.00E-07,100,1,1.00E-07,0.99632,0.095558,0.19746,0.019612,802.79,85.841,302.36,32.197
1,620,1.00E-07,100,1,1.00E-07,0.93254,0.095558,0.15768,0.01712,718.53,80.468,335.57,32.903
1,625,1.00E-07,100,1,1.00E-07,0.96539,0.095558,0.1378,0.014944,876.11,75.375,310.6,33.646
1,630,1.00E-07,100,1,1.00E-07,0.90292,0.095558,0.11145,0.013045,757.44,70.555,312,34.426
1,635,1.00E-07,100,1,1.00E-07,0.97084,0.095558,0.10018,0.011388,648.06,66.004,359.07,35.245
1,640,1.00E-07,100,1,1.00E-07,0.77584,0.095558,0.08438,0.0099408,505.99,61.712,323.34,36.104
1,645,1.00E-07,100,1,1.00E-07,1.0136,0.095558,0.08789,0.0086776,613.64,57.673,393.67,37.004
1,650,1.00E-07,100,1,1.00E-07,1.1904,0.095558,0.071011,0.0075749,522.03,53.875,407.25,37.946
1,655,1.00E-07,100,1,1.00E-07,0.96223,0.095558,0.0666,0.0066124,510.89,50.311,418.54,38.93
1,660,1.00E-07,100,1,1.00E-07,0.8419,0.095558,0.066644,0.0057722,398.97,46.969,371.33,39.958
1,665,1.00E-07,100,1,1.00E-07,1.0387,0.095558,0.04928,0.0050387,447.83,43.84,416.73,41.03
1,670,1.00E-07,100,1,1.00E-07,0.86433,0.095558,0.039003,0.0043984,421.24,40.912,407.82,42.146
1,675,1.00E-07,100,1,1.00E-07,1.0435,0.095558,0.035234,0.0038395,410.01,38.176,420.94,43.307
1,680,1.00E-07,100,1,1.00E-07,0.90193,0.095558,0.027451,0.0033516,396.56,35.622,412.79,44.513
1,685,1.00E-07,100,1,1.00E-07,0.88484,0.095558,0.029217,0.0029257,307.69,33.238,417.15,45.763
1,690,1.00E-07,100,1,1.00E-07,0.88785,0.095558,0.024253,0.002554,278.95,31.017,508.38,47.059
1,695,1.00E-07,100,1,1.00E-07,0.93781,0.095558,0.023889,0.0022294,274.06,28.948,403.44,48.4
1,700,1.00E-07,100,1,1.00E-07,0.98207,0.095558,0.019049,0.0019461,219.15,27.022,522.25,49.784
1,705,1.00E-07,100,1,1.00E-07,0.90096,0.095558,0.020125,0.0016988,252.49,25.23,480.13,51.213
1,710,1.00E-07,100,1,1.00E-07,0.88021,0.095558,0.014233,0.001483,271.08,23.564,473.94,52.684
1,715,1.00E-07,100,1,1.00E-07,0.91618,0.095558,0.012805,0.0012945,207.17,22.016,490.76,54.197
1,720,1.00E-07,100,1,1.00E-07,0.91725,0.095558,0.0097526,0.00113,222.28,20.578,591.75,55.75
1,725,1.00E-07,100,1,1.00E-07,1.0679,0.095558,0.0099922,0.00098645,202.42,19.243,602.43,57.343
1,730,1.00E-07,100,1.00E-07,100,0.91296,0.095558,0.0084643,0.0008611,162.06,18.004,480.87,58.973
1,735,1.00E-07,100,1.00E-07,100,0.15587,0.014914,6.5222,0.50005,169.89,17.826,654.46,59.033
1,740,1.00E-07,100,1.00E-07,100,0.021016,0.0023277,11.496,0.93581,185.31,19.378,596.43,57.077
1,745,1.00E-07,100,1.00E-07,100,0.0040742,0.0003633,13.961,1.3162,227.48,22.631,440.58,54.447
1,750,1.00E-07,100,1.00E-07,100,0.00054818,5.67E-05,15.927,1.6483,273.27,27.52,579.38,51.737
1,755,1.00E-07,100,1.00E-07,100,7.56E-05,8.86E-06,16.934,1.9381,364.13,33.888,481.4,49.118
1,760,1.00E-07,100,1.00E-07,100,1.50E-05,1.39E-06,19.64,2.1911,385.25,41.512,456.26,46.628
1,765,1.00E-07,100,1.00E-07,100,2.25E-06,2.25E-07,20.114,2.412,382.29,50.144,414.52,44.277
1,770,1.00E-07,100,1.00E-07,100,4.40E-07,4.32E-08,24.702,2.6048,700.61,59.534,402.32,42.065
1,775,1.00E-07,100,1.00E-07,100,1.71E-07,1.48E-08,30.494,2.7731,618.64,69.446,337.75,39.992
1,780,1.00E-07,100,1.00E-07,100,1.02E-07,1.04E-08,25.858,2.92,718.02,79.667,324.42,38.054
1,785,1.00E-07,100,1.00E-07,100,1.11E-07,9.68E-09,25.499,3.0483,947.39,90.014,359.92,36.245
1,790,1.00E-07,100,1.00E-07,100,8.73E-08,9.58E-09,32.6,3.1603,929.66,100.34,334.99,34.559
1,795,1.00E-07,100,1.00E-07,100,1.02E-07,9.56E-09,31.288,3.258,1200.6,110.51,359.11,32.991
1,800,1.00E-07,100,1.00E-07,100,1.01E-07,9.56E-09,32.83,3.3433,1207,120.45,340.34,31.534
1,805,1.00E-07,100,1.00E-07,100,7.70E-08,9.56E-09,32.524,3.4178,1645.2,130.07,258.5,30.181
1,810,1.00E-07,100,1.00E-07,100,8.55E-08,9.56E-09,40.899,3.4828,1425.3,139.33,290.63,28.925
1,815,1.00E-07,100,1.00E-07,100,1.01E-07,9.56E-09,39.239,3.5395,1331.7,148.19,280.27,27.761
1,820,1.00E-07,100,1.00E-07,100,8.15E-08,9.56E-09,34.25,3.589,1627.8,156.64,314.58,26.682
1,825,1.00E-07,100,1.00E-07,100,1.07E-07,9.56E-09,32.793,3.6323,1290.5,164.65,272.88,25.682
1,830,1.00E-07,100,1.00E-07,100,1.00E-07,9.56E-09,31.928,3.67,1805.6,172.23,243.48,24.756
1,835,1.00E-07,100,1.00E-07,100,8.55E-08,9.56E-09,43.13,3.703,2047,179.38,250.46,23.899
1,840,1.00E-07,100,1.00E-07,100,9.68E-08,9.56E-09,38.549,3.7318,1887.7,186.11,219.91,23.105
1,845,1.00E-07,100,1.00E-07,100,8.47E-08,9.56E-09,35.63,3.7569,1624.6,192.43,216.64,22.371
1,850,1.00E-07,100,1.00E-07,100,9.49E-08,9.56E-09,33.34,3.7788,1942.3,198.36,253.17,21.692
1,855,1.00E-07,100,1.00E-07,100,1.08E-07,9.56E-09,38.535,3.7979,2240.5,203.91,193.35,21.064
1,860,1.00E-07,100,1.00E-07,100,8.97E-08,9.56E-09,36.381,3.8146,2292.8,209.09,182.05,20.483
1,865,1.00E-07,100,1.00E-07,100,1.08E-07,9.56E-09,39.66,3.8292,2415.1,213.94,227.61,19.945
1,870,1.00E-07,100,1.00E-07,100,8.47E-08,9.56E-09,35.681,3.8419,2570.2,218.46,250.87,19.448
1,875,1.00E-07,100,1.00E-07,100,9.55E-08,9.56E-09,40.601,3.853,1914.9,222.68,230.18,18.989
1,880,1.00E-07,100,1.00E-07,100,9.45E-08,9.56E-09,43.86,3.8627,2279,226.6,193.87,18.565
1,885,1.00E-07,100,1.00E-07,100,9.51E-08,9.56E-09,39.504,3.8712,2392,230.26,162.39,18.172
1,890,1.00E-07,100,1.00E-07,100,7.48E-08,9.56E-09,36.807,3.8786,2963.7,233.66,178.63,17.809
1,895,1.00E-07,100,1.00E-07,100,9.29E-08,9.56E-09,31.35,3.885,2365.1,236.82,157.9,17.474
1,900,1.00E-07,100,1.00E-07,100,9.34E-08,9.56E-09,36.813,3.8907,2521.8,239.75,158.5,17.164
1,905,1.00E-07,100,1.00E-07,100,1.15E-07,9.56E-09,35.06,3.8956,2556.8,242.48,156.1,16.878
1,910,1.00E-07,100,1.00E-07,100,9.84E-08,9.56E-09,35.397,3.8999,2338.5,245.02,173.37,16.614
1,915,1.00E-07,100,1.00E-07,100,9.49E-08,9.56E-09,37.74,3.9036,2937.4,247.37,172.91,16.369
1,920,1.00E-07,100,1.00E-07,100,7.87E-08,9.56E-09,38.486,3.9069,2423.3,249.55,159.42,16.143
1,925,1.00E-07,100,1.00E-07,100,9.60E-08,9.56E-09,32.962,3.9097,3091.6,251.58,139.93,15.935
1,930,1.00E-07,100,1.00E-07,100,1.02E-07,9.56E-09,35.929,3.9122,2534.7,253.46,173.8,15.742
1,935,1.00E-07,100,1.00E-07,100,9.42E-08,9.56E-09,44.268,3.9144,2525.2,255.2,131.24,15.564
1,940,1.00E-07,100,1.00E-07,100,9.05E-08,9.56E-09,38.033,3.9163,2468.1,256.81,147.96,15.399
1,945,1.00E-07,100,1.00E-07,100,8.93E-08,9.56E-09,46.309,3.918,2147.7,258.31,135.26,15.247
1,950,1.00E-07,100,1.00E-07,100,1.04E-07,9.56E-09,36.782,3.9194,2424.9,259.69,155.24,15.107
1,955,1.00E-07,100,1.00E-07,100,8.94E-08,9.56E-09,38.52,3.9207,2440.3,260.98,156.39,14.977
1,960,1.00E-07,100,1.00E-07,100,8.81E-08,9.56E-09,36.949,3.9218,2947.7,262.17,162.96,14.857
1,965,1.00E-07,100,1.00E-07,100,9.79E-08,9.56E-09,39.317,3.9227,2675,263.27,141.6,14.747
1,970,1.00E-07,100,1.00E-07,100,9.64E-08,9.56E-09,40.383,3.9236,3196.2,264.29,144.6,14.645
1,975,1.00E-07,100,1.00E-07,100,9.58E-08,9.56E-09,37.376,3.9243,2867.4,265.24,122.84,14.55
1,980,1.00E-07,100,1.00E-07,100,9.81E-08,9.56E-09,37.825,3.9249,3257.8,266.12,126.67,14.463
1,985,1.00E-07,100,1.00E-07,100,8.89E-08,9.56E-09,33.93,3.9255,2462.6,266.93,154.35,14.382
1,990,1.00E-07,100,1.00E-07,100,1.01E-07,9.56E-09,53.181,3.926,2789.9,267.68,146.06,14.308
1,995,1.00E-07,100,1.00E-07,100,9.61E-08,9.56E-09,35.242,3.9264,2996.8,268.37,130.86,14.239
1,1000,1.00E-07,100,1.00E-07,100,9.25E-08,9.56E-09,40.05,3.9268,2494.1,269.02,144.7,14.176
1,1005,1.00E-07,100,1.00E-07,100,1.12E-07,9.56E-09,45.234,3.9271,2510.7,269.61,111.14,14.117
1,1010,1.00E-07,100,1.00E-07,100,1.08E-07,9.56E-09,30.03,3.9274,3058.7,270.17,139.89,14.063
1,1015,1.00E-07,100,1.00E-07,100,8.41E-08,9.56E-09,39.742,3.9276,2300.8,270.68,150.84,14.013
1,1020,1.00E-07,100,1.00E-07,100,1.08E-07,9.56E-09,40.766,3.9279,2571.9,271.15,120.66,13.966
1,1025,1.00E-07,100,1.00E-07,100,8.65E-08,9.56E-09,30.925,3.9281,2348,271.59,144.97,13.924
1,1030,1.00E-07,100,1.00E-07,100,9.57E-08,9.56E-09,38.39,3.9282,2999,271.99,128.53,13.884
1,1035,1.00E-07,100,1.00E-07,100,1.07E-07,9.56E-09,34.479,3.9284,2852.6,272.36,110.9,13.848
1,1040,1.00E-07,100,1.00E-07,100,1.00E-07,9.56E-09,41.684,3.9285,2803.7,272.71,128.52,13.814
1,1045,1.00E-07,100,1.00E-07,100,9.46E-08,9.56E-09,40.174,3.9286,2363.7,273.03,134.68,13.783
1,1050,1.00E-07,100,1.00E-07,100,1.05E-07,9.56E-09,40.825,3.9287,2735.9,273.33,120.29,13.754
1,1055,1.00E-07,100,1.00E-07,100,1.04E-07,9.56E-09,41.015,3.9288,3111.9,273.6,129.16,13.728
1,1060,1.00E-07,100,1.00E-07,100,9.85E-08,9.56E-09,41.016,3.9288,2855.3,273.86,140.82,13.703
1,1065,1.00E-07,100,1.00E-07,100,8.31E-08,9.56E-09,41.571,3.9289,2538.4,274.09,150.06,13.681
1,1070,1.00E-07,100,1.00E-07,100,9.42E-08,9.56E-09,39.116,3.929,2631,274.31,145.12,13.66
1,1075,1.00E-07,100,1.00E-07,100,1.05E-07,9.56E-09,41.856,3.929,2332.3,274.51,147.09,13.641
1,1080,1.00E-07,100,1.00E-07,100,1.18E-07,9.56E-09,43.335,3.9291,2918.7,274.7,143.18,13.623
1,1085,1.00E-07,100,1.00E-07,100,9.61E-08,9.56E-09,42.387,3.9291,2821.5,274.87,133.39,13.606
1,1090,1.00E-07,100,1.00E-07,100,1.10E-07,9.56E-09,35.762,3.9291,2463.6,275.03,142.34,13.591
1,1095,1.00E-07,100,1.00E-07,100,1.08E-07,9.56E-09,39.94,3.9292,2699.5,275.17,123.93,13.577
1,1100,1.00E-07,100,1.00E-07,100,9.57E-08,9.56E-09,38.112,3.9292,2579.3,275.31,143.49,13.564
1,1105,1.00E-07,100,1.00E-07,100,8.99E-08,9.56E-09,43.386,3.9292,2704.6,275.44,139.12,13.552
1,1110,1.00E-07,100,1.00E-07,100,6.72E-08,9.56E-09,41.917,3.9292,2648.6,275.55,135.85,13.541
1,1115,1.00E-07,100,1.00E-07,100,8.21E-08,9.56E-09,40.422,3.9292,2882.5,275.66,140.22,13.531
1,1120,1.00E-07,100,1.00E-07,100,9.59E-08,9.56E-09,44.5,3.9292,2836.3,275.76,133.11,13.521
1,1125,1.00E-07,100,1.00E-07,100,7.93E-08,9.56E-09,45.853,3.9293,3265.8,275.85,144.47,13.513
1,1130,1.00E-07,100,1.00E-07,100,9.52E-08,9.56E-09,41.305,3.9293,2806.3,275.94,152.16,13.505
1,1135,1.00E-07,100,1.00E-07,100,9.05E-08,9.56E-09,41.196,3.9293,3051.1,276.02,141.63,13.497
1,1140,1.00E-07,100,1.00E-07,100,8.02E-08,9.56E-09,38.36,3.9293,2402.4,276.09,140.96,13.49
1,1145,1.00E-07,100,1.00E-07,100,8.86E-08,9.56E-09,28.218,3.9293,3069.7,276.16,137.33,13.484
1,1150,1.00E-07,100,1.00E-07,100,9.31E-08,9.56E-09,39.732,3.9293,2832.7,276.22,143.41,13.478
1,1155,1.00E-07,100,1.00E-07,100,9.76E-08,9.56E-09,41.79,3.9293,2838.4,276.28,138.7,13.473
1,1160,1.00E-07,100,1.00E-07,100,1.06E-07,9.56E-09,37.801,3.9293,2777.1,276.33,147.79,13.468
1,1165,1.00E-07,100,1.00E-07,100,1.02E-07,9.56E-09,43.351,3.9293,2667.9,276.38,95.711,13.463
1,1170,1.00E-07,100,1.00E-07,100,8.84E-08,9.56E-09,39.092,3.9293,2600.9,276.43,109.06,13.459
1,1175,1.00E-07,100,1.00E-07,100,1.09E-07,9.56E-09,37.229,3.9293,2607.1,276.47,127.65,13.455
1,1180,1.00E-07,100,1.00E-07,100,9.30E-08,9.56E-09,38.132,3.9293,2553.9,276.51,147.41,13.451
1,1185,1.00E-07,100,1.00E-07,100,8.48E-08,9.56E-09,42.535,3.9293,2765,276.54,131.28,13.448
1,1190,1.00E-07,100,1.00E-07,100,9.79E-08,9.56E-09,32.67,3.9293,2383.9,276.58,134.48,13.445
1,1195,1.00E-07,100,1.00E-07,100,9.23E-08,9.56E-09,41.047,3.9293,2260,276.61,125.11,13.442
1,1200,1.00E-07,100,1.00E-07,100,1.03E-07,9.56E-09,37.095,3.9293,3361.5,276.64,138.51,13.439
1,1205,1.00E-07,100,1.00E-07,100,9.73E-08,9.56E-09,33.908,3.9293,3314.6,276.66,105.48,13.437
1,1210,1.00E-07,100,1.00E-07,100,9.57E-08,9.56E-09,40.028,3.9293,2662.4,276.69,127.84,13.434
1,1215,1.00E-07,100,1.00E-07,100,9.78E-08,9.56E-09,39.242,3.9293,2741,276.71,140.31,13.432
1,1220,1.00E-07,100,1.00E-07,100,9.05E-08,9.56E-09,39.308,3.9293,2745.3,276.73,142.52,13.43
1,1225,1.00E-07,100,1.00E-07,100,9.14E-08,9.56E-09,37.78,3.9293,2738.3,276.75,136.53,13.429
1,1230,1.00E-07,100,1.00E-07,100,1.05E-07,9.56E-09,38.727,3.9293,2830.3,276.77,104.49,13.427
1,1235,1.00E-07,100,1.00E-07,100,8.71E-08,9.56E-09,40.486,3.9293,3215.2,276.79,125.68,13.425
1,1240,1.00E-07,100,1.00E-07,100,8.75E-08,9.56E-09,42.163,3.9293,3063.1,276.8,120.63,13.424
1,1245,1.00E-07,100,1.00E-07,100,8.94E-08,9.56E-09,33.625,3.9293,2599.4,276.82,151.73,13.423
1,1250,1.00E-07,100,1.00E-07,100,9.04E-08,9.56E-09,31.471,3.9293,2934.8,276.83,150.22,13.422
1,1255,1.00E-07,100,1.00E-07,100,9.21E-08,9.56E-09,38.478,3.9293,3081.7,276.84,150.07,13.42
1,1260,1.00E-07,100,1.00E-07,100,9.98E-08,9.56E-09,35.401,3.9293,2551.9,276.85,153.61,13.419
1,1265,1.00E-07,100,1.00E-07,100,8.80E-08,9.56E-09,38.541,3.9293,2565.8,276.86,130.11,13.419
1,1270,1.00E-07,100,1.00E-07,100,7.35E-08,9.56E-09,43.928,3.9293,2955.6,276.87,133.98,13.418
1,1275,1.00E-07,100,1.00E-07,100,8.34E-08,9.56E-09,37.966,3.9293,2851,276.88,123.07,13.417
1,1280,1.00E-07,100,1.00E-07,100,9.12E-08,9.56E-09,35.017,3.9293,2845.6,276.89,136.43,13.416
1,1285,1.00E-07,100,1.00E-07,100,1.06E-07,9.56E-09,37.58,3.9293,2980.4,276.9,119.93,13.415
1,1290,1.00E-07,100,1.00E-07,100,9.68E-08,9.56E-09,34.848,3.9293,2916.3,276.9,145.18,13.415
1,1295,1.00E-07,100,1.00E-07,100,9.69E-08,9.56E-09,44.517,3.9293,2603.1,276.91,139.03,13.414
1,1300,1.00E-07,100,1.00E-07,100,1.13E-07,9.56E-09,36.498,3.9293,2386.2,276.92,130.6,13.414
1,1305,1.00E-07,100,1.00E-07,100,1.03E-07,9.56E-09,35.74,3.9293,2578.1,276.92,144.82,13.413
1,1310,1.00E-07,100,1.00E-07,100,9.54E-08,9.56E-09,39.826,3.9293,2748.3,276.93,153.01,13.413
1,1315,1.00E-07,100,1.00E-07,100,1.00E-07,9.56E-09,35.619,3.9293,2484.5,276.93,138.9,13.412
1,1320,1.00E-07,100,1.00E-07,100,9.46E-08,9.56E-09,37.248,3.9293,2870,276.94,162.07,13.412
1,1325,1.00E-07,100,1.00E-07,100,9.26E-08,9.56E-09,34.585,3.9293,2867.8,276.94,139.73,13.411
1,1330,1.00E-07,100,1.00E-07,100,9.92E-08,9.56E-09,41.558,3.9293,2812.7,276.94,128.28,13.411
1,1335,1.00E-07,100,1.00E-07,100,9.82E-08,9.56E-09,37.593,3.9293,2593.3,276.95,121.07,13.411
1,1340,1.00E-07,100,1.00E-07,100,9.73E-08,9.56E-09,37.874,3.9293,3218.2,276.95,138.77,13.411
1,1345,1.00E-07,100,1.00E-07,100,1.02E-07,9.56E-09,42.251,3.9293,2435.1,276.95,102.15,13.41
1,1350,1.00E-07,100,1.00E-07,100,8.84E-08,9.56E-09,39.798,3.9293,2983.2,276.96,127.07,13.41
1,1355,1.00E-07,100,1.00E-07,100,1.02E-07,9.56E-09,38.821,3.9293,2712.9,276.96,114.24,13.41
1,1360,1.00E-07,100,1.00E-07,100,1.03E-07,9.56E-09,36.1,3.9293,2941.9,276.96,112.51,13.41
1,1365,1.00E-07,100,1.00E-07,100,9.48E-08,9.56E-09,38.633,3.9293,2596.5,276.96,136.84,13.409
1,1370,1.00E-07,100,1.00E-07,100,1.11E-07,9.56E-09,34.322,3.9293,3054.1,276.96,130.39,13.409
1,1375,1.00E-07,100,1.00E-07,100,9.56E-08,9.56E-09,38.765,3.9293,2771.7,276.97,123.42,13.409
1,1380,1.00E-07,100,1.00E-07,100,9.38E-08,9.56E-09,38.718,3.9293,2726,276.97,123.69,13.409
1,1385,1.00E-07,100,1.00E-07,100,8.95E-08,9.56E-09,41.035,3.9293,2815,276.97,135.62,13.409
1,1390,1.00E-07,100,1.00E-07,100,9.87E-08,9.56E-09,41.997,3.9293,2957.6,276.97,139.9,13.409
1,1395,1.00E-07,100,1.00E-07,100,1.05E-07,9.56E-09,33.358,3.9293,2402.3,276.97,118.01,13.408
1,1400,1.00E-07,100,1.00E-07,100,8.94E-08,9.56E-09,44.704,3.9293,3006.8,276.97,155.71,13.408
1,1405,1.00E-07,100,1.00E-07,100,8.88E-08,9.56E-09,40.188,3.9293,2548.3,276.97,148.05,13.408
1,1410,1.00E-07,100,1.00E-07,100,1.02E-07,9.56E-09,45.478,3.9293,2797.2,276.98,159.73,13.408
1,1415,1.00E-07,100,1.00E-07,100,9.75E-08,9.56E-09,33.054,3.9293,3154.6,276.98,138.78,13.408
1,1420,1.00E-07,100,1.00E-07,100,9.31E-08,9.56E-09,34.834,3.9293,3251.5,276.98,131.72,13.408
1,1425,1.00E-07,100,1.00E-07,100,8.71E-08,9.56E-09,44.165,3.9293,2789.9,276.98,134.91,13.408
1,1430,1.00E-07,100,1.00E-07,100,7.93E-08,9.56E-09,42.567,3.9293,2594.3,276.98,149.76,13.408
1,1435,1.00E-07,100,1.00E-07,100,1.04E-07,9.56E-09,45.052,3.9293,2310,276.98,132.09,13.408
2,0,1,1.00E-07,1.00E-07,50,1.1397,0.095558,3.83E-08,3.93E-09,26.222,2.6497,1489.2,143.41
2,5,1,1.00E-07,1.00E-07,50,0.14796,0.014914,2.7035,0.24965,26.842,2.6816,1461,141.52
2,10,1,1.00E-07,1.00E-07,50,0.021326,0.0023277,4.9499,0.46758,23.537,2.7683,1538.7,136.41
2,15,1,1.00E-07,1.00E-07,50,0.0040624,0.0003633,7.7924,0.65781,24.888,2.9189,1111.8,129.82
2,20,1,1.00E-07,1.00E-07,50,0.00047759,5.67E-05,8.5599,0.82388,30.921,3.1481,1193.2,123.04
2,25,1,1.00E-07,1.00E-07,50,9.88E-05,8.86E-06,9.2607,0.96884,36.494,3.4725,1100,116.51
2,30,1,1.00E-07,1.00E-07,50,1.30E-05,1.39E-06,11.102,1.0954,40.03,3.9098,1036.5,110.33
2,35,1,1.00E-07,1.00E-07,50,2.55E-06,2.25E-07,10.622,1.2058,37.535,4.4807,977.15,104.47
2,40,1,1.00E-07,1.00E-07,50,3.63E-07,4.32E-08,13.524,1.3023,43.358,5.2085,1110.9,98.902
2,45,1,1.00E-07,1.00E-07,50,1.38E-07,1.48E-08,13.358,1.3864,55.846,6.1206,1091,93.612
2,50,1,1.00E-07,1.00E-07,50,1.12E-07,1.04E-08,14.497,1.4599,74.943,7.2482,861.94,88.58
2,55,1,1.00E-07,1.00E-07,50,1.03E-07,9.68E-09,17.334,1.5241,88.998,8.6265,809.68,83.795
2,60,1,1.00E-07,1.00E-07,50,1.01E-07,9.58E-09,18.203,1.58,104.07,10.295,871.33,79.25
2,65,1,1.00E-07,1.00E-07,50,8.92E-08,9.56E-09,17.953,1.6289,141.98,12.295,674.57,74.939
2,70,1,1.00E-07,1.00E-07,50,8.94E-08,9.56E-09,15.398,1.6716,162,14.671,734.16,70.855
2,75,1,1.00E-07,1.00E-07,50,1.00E-07,9.56E-09,19.512,1.7088,192.53,17.468,709.47,66.995
2,80,1,1.00E-07,1.00E-07,50,9.33E-08,9.56E-09,18.517,1.7413,238.74,20.728,574.27,63.352
2,85,1,1.00E-07,1.00E-07,50,9.28E-08,9.56E-09,18.006,1.7697,247.5,24.487,625.64,59.92
2,90,1,1.00E-07,0.5,50,8.66E-08,9.56E-09,19.14,1.7945,291.15,28.776,614.4,56.693
2,95,1,1.00E-07,1.00E-07,1.00E-07,0.40459,0.040322,17.388,1.8161,343.68,33.4,558.9,55.387
2,100,1,1.00E-07,1.00E-07,1.00E-07,0.059331,0.0062932,13.891,1.5853,365.08,37.664,425.58,53.71
2,105,1,1.00E-07,1.00E-07,1.00E-07,0.0093862,0.00098221,16.284,1.3839,422.26,41.502,575.92,51.201
2,110,1,1.00E-07,1.00E-07,1.00E-07,0.0016484,0.00015331,11.771,1.208,389.35,45.104,554.14,48.589
2,115,1,1.00E-07,1.00E-07,1.00E-07,0.00022636,2.39E-05,12.02,1.0545,571.31,48.53,486.7,46.095
2,120,1,1.00E-07,1.00E-07,1.00E-07,3.35E-05,3.74E-06,8.6139,0.92054,532.86,51.8,438.16,43.765
2,125,1,1.00E-07,1.00E-07,1.00E-07,5.84E-06,5.92E-07,6.7142,0.80356,506.08,54.921,460.5,41.601
2,130,1,1.00E-07,1.00E-07,1.00E-07,9.42E-07,1.01E-07,6.8974,0.70145,650.02,57.898,337.56,39.594
2,135,1,1.00E-07,1.00E-07,1.00E-07,2.06E-07,2.38E-08,5.987,0.61232,643.76,60.735,408.07,37.735
2,140,1,1.00E-07,1.00E-07,1.00E-07,1.04E-07,1.18E-08,5.1293,0.53451,707.38,63.433,393.34,36.013
2,145,1,1.00E-07,1.00E-07,1.00E-07,9.29E-08,9.90E-09,5.2712,0.46659,639.02,65.993,334.45,34.418
2,150,1,1.00E-07,1.00E-07,1.00E-07,1.10E-07,9.61E-09,3.9441,0.4073,682.69,68.418,314.38,32.942
2,155,1,1.00E-07,1.00E-07,1.00E-07,1.14E-07,9.56E-09,2.7734,0.35555,596.79,70.706,301.21,31.575
2,160,1,1.00E-07,1.00E-07,1.00E-07,1.01E-07,9.56E-09,3.2727,0.31037,767.93,72.859,341.38,30.31
2,165,1,1.00E-07,1.00E-07,1.00E-07,1.01E-07,9.56E-09,3.174,0.27093,734.91,74.876,350.86,29.14
2,170,1,1.00E-07,1.00E-07,1.00E-07,8.35E-08,9.56E-09,2.4991,0.2365,768.43,76.758,261.74,28.058
2,175,1,1.00E-07,1.00E-07,1.00E-07,1.00E-07,9.56E-09,1.8652,0.20645,612.6,78.504,285.66,27.056
2,180,1,1.00E-07,1.00E-07,1.00E-07,8.17E-08,9.56E-09,1.7528,0.18022,790.74,80.115,276.86,26.13
2,185,1,1.00E-07,1.00E-07,1.00E-07,9.15E-08,9.56E-09,1.5658,0.15732,807.67,81.591,210.88,25.274
2,190,1,1.00E-07,1.00E-07,1.00E-07,9.26E-08,9.56E-09,1.4395,0.13733,806.19,82.933,222.19,24.482
2,195,1,1.00E-07,1.00E-07,1.00E-07,1.01E-07,9.56E-09,1.0627,0.11988,761.68,84.141,224.47,23.751
2,200,1,1.00E-07,1.00E-07,50,9.46E-08,9.56E-09,0.97611,0.10464,688.65,85.219,228.68,23.075
2,205,1,1.00E-07,1.00E-07,1.00E-07,7.20E-08,9.56E-09,3.1544,0.341,1013.2,89.554,222.96,22.448
2,210,1,1.00E-07,1.00E-07,50,7.39E-08,9.56E-09,2.863,0.29767,1063.5,95.834,225.21,21.859
2,215,1,1.00E-07,1.00E-07,50,1.05E-07,9.56E-09,5.7845,0.50949,1082.5,103.14,219.99,21.306
2,220,1,1.00E-07,1.00E-07,50,1.03E-07,9.56E-09,5.6071,0.6944,1377.4,111.98,231.42,20.785
2,225,1,1.00E-07,1.00E-07,50,1.13E-07,9.56E-09,7.0106,0.85582,1112.2,121.33,229.69,20.293
2,230,1,1.00E-07,1.00E-07,50,1.01E-07,9.56E-09,9.6983,0.99672,1290.4,130.71,225.92,19.829
2,235,1,1.00E-07,1.00E-07,50,9.80E-08,9.56E-09,9.4685,1.1197,1311.7,139.89,241.33,19.392
2,240,1,1.00E-07,1.00E-07,50,1.07E-07,9.56E-09,12.863,1.2271,1506.9,148.73,185.11,18.982
2,245,1,1.00E-07,1.00E-07,50,9.31E-08,9.56E-09,13.493,1.3208,1780.9,157.17,168.82,18.598
2,250,1,1.00E-07,1.00E-07,50,1.05E-07,9.56E-09,15.819,1.4026,1873.4,165.17,193.55,18.238
2,255,1,1.00E-07,1.00E-07,50,9.42E-08,9.56E-09,17.231,1.474,1756.7,172.71,192.63,17.901
2,260,1,1.00E-07,1.00E-07,1.00E-07,8.87E-08,9.56E-09,17.209,1.5364,1962.9,179.81,183.15,17.586
2,265,1,1.00E-07,1.00E-07,1.00E-07,9.48E-08,9.56E-09,13.592,1.3412,1909.1,186.34,182.83,17.293
2,270,1,1.00E-07,0.5,50,9.28E-08,9.56E-09,10.717,1.1707,1818.4,192.23,191.39,17.019
2,275,1,1.00E-07,1.00E-07,1.00E-07,0.4334,0.040322,10.626,1.2716,1909.2,197.63,205.35,17.304
2,280,1,1.00E-07,1.00E-07,1.00E-07,0.061035,0.0062932,11.247,1.11,2188.7,202.47,173.12,17.444
2,285,1,1.00E-07,0.5,1.00E-07,0.010905,0.00098221,7.5962,0.96899,2298.7,206.7,181.55,17.269
2,290,1,1.00E-07,0.5,1.00E-07,0.51503,0.040475,8.295,0.84586,2154.1,210.34,184.1,17.512
2,295,1,1.00E-07,1.00E-07,1.00E-07,0.45987,0.046639,8.3874,0.73837,2451.6,213.26,193.81,17.94
2,300,1,1.00E-07,1.00E-07,1.00E-07,0.071515,0.0072792,5.9371,0.64455,2177,215.46,195.76,18.042
2,305,1,1.00E-07,1.00E-07,1.00E-07,0.012619,0.0011361,4.7798,0.56265,2277.4,217.16,213.35,17.822
2,310,1,1.00E-07,0.5,1.00E-07,0.0018317,0.00017732,4.5325,0.49115,2188.8,218.47,145.2,17.525
2,315,1,1.00E-07,0.5,1.00E-07,0.38232,0.04035,4.7358,0.42874,2524.2,219.31,165.02,17.72
2,320,1,1.00E-07,1.00E-07,1.00E-07,0.49919,0.04662,3.4425,0.37426,2333.9,219.43,192.02,18.111
2,325,1,1.00E-07,0.5,1.00E-07,0.074509,0.0072761,2.5247,0.3267,1774.4,218.85,159.49,18.191
2,330,1,1.00E-07,1.00E-07,1.00E-07,0.45907,0.041458,2.7804,0.28519,2329.8,217.75,148.87,18.381
2,335,1,1.00E-07,0.5,1.00E-07,0.06499,0.0064705,2.3426,0.24895,2022.5,216.04,180.28,18.412
2,340,1,1.00E-07,1.00E-07,1.00E-07,0.3447,0.041332,2.3508,0.21732,1878.5,213.89,162.5,18.587
2,345,1,1.00E-07,0.5,1.00E-07,0.049107,0.0064508,1.9627,0.1897,2152.1,211.17,183.52,18.609
2,350,1,1.00E-07,0.5,1.00E-07,0.37359,0.041329,1.8107,0.1656,2120.2,208.07,203.85,18.78
2,355,1,1.00E-07,0.5,1.00E-07,0.42977,0.046772,1.4564,0.14455,2104.2,204.36,217.72,19.127
2,360,1,1.00E-07,1.00E-07,1.00E-07,0.4615,0.047622,1.3331,0.12619,2081.2,200.03,222.88,19.483
2,365,1,1.00E-07,1.00E-07,1.00E-07,0.07104,0.0074325,0.92788,0.11015,1767.8,195.26,219.26,19.501
2,370,1,1.00E-07,1.00E-07,1.00E-07,0.012979,0.00116,1.1689,0.096154,1803.2,190.47,145.34,19.189
2,375,1,1.00E-07,1.00E-07,1.00E-07,0.0016341,0.00018106,0.77673,0.083936,1761.2,185.86,202.7,18.802
2,380,1,1.00E-07,0.5,1.00E-07,0.00030476,2.83E-05,0.84634,0.07327,1789,181.45,196.85,18.42
2,385,1,1.00E-07,1.00E-07,1.00E-07,0.41338,0.040327,0.53317,0.06396,1695.5,177.01,175.01,18.636
2,390,1,1.00E-07,1.00E-07,1.00E-07,0.064768,0.0062939,0.6331,0.055833,1805.3,172.21,198.52,18.724
2,395,1,1.00E-07,1.00E-07,1.00E-07,0.0090413,0.00098232,0.51648,0.048738,1725.9,167.42,201.39,18.483
2,400,1,1.00E-07,1.00E-07,1.00E-07,0.0016746,0.00015332,0.37111,0.042545,1727.4,162.84,192.9,18.164
2,405,1,1.00E-07,1.00E-07,1.00E-07,0.00025882,2.39E-05,0.3522,0.037139,1670.4,158.51,171.47,17.846
2,410,1,1.00E-07,0.5,50,3.38E-05,3.74E-06,0.32309,0.032419,1443.6,154.39,179.31,17.551
2,415,1,1.00E-07,1.00E-07,1.00E-07,0.39794,0.040323,2.7799,0.27795,1599.7,155.78,173.38,17.911
2,420,1,1.00E-07,1.00E-07,50,0.067228,0.0062933,2.5186,0.24263,1642.9,159.19,177.24,18.102
2,425,1,1.00E-07,1.00E-07,50,0.008829,0.00098223,4.5265,0.46145,1961.5,163.49,203.61,17.921
2,430,1,1.00E-07,1.00E-07,50,0.0015914,0.00015331,6.0379,0.65246,1702.4,169.16,179.53,17.646
2,435,1,1.00E-07,1.00E-07,50,0.00023001,2.39E-05,6.0187,0.81921,1668.4,175.26,169.06,17.362
2,440,1,1.00E-07,1.00E-07,50,3.13E-05,3.74E-06,8.972,0.96476,1864.7,181.41,150.04,17.09
2,445,1,1.00E-07,1.00E-07,50,6.41E-06,5.92E-07,11.283,1.0918,1780.6,187.43,189.43,16.835
2,450,1,1.00E-07,1.00E-07,50,1.10E-06,1.01E-07,13.441,1.2027,1851.7,193.22,149.09,16.597
2,455,1,1.00E-07,1.00E-07,50,2.53E-07,2.38E-08,10.643,1.2996,1731.4,198.74,156.61,16.375
2,460,1,1.00E-07,1.00E-07,50,1.17E-07,1.18E-08,13.274,1.3841,1923.2,203.95,151.66,16.168
2,465,1,1.00E-07,1.00E-07,1.00E-07,8.59E-08,9.90E-09,14.669,1.4578,1876.2,208.87,131.54,15.974
2,470,1,1.00E-07,1.00E-07,1.00E-07,9.34E-08,9.61E-09,12.778,1.2726,1948.7,213.38,172.17,15.794
2,475,1,1.00E-07,1.00E-07,1.00E-07,8.38E-08,9.56E-09,10.613,1.1109,1752.6,217.42,150.97,15.626
2,480,1,1.00E-07,0.5,1.00E-07,8.65E-08,9.56E-09,8.1979,0.96973,2179.9,221,142.49,15.47
2,485,1,1.00E-07,1.00E-07,1.00E-07,0.34472,0.040322,9.8918,0.84651,2355.2,224.08,147.22,15.82
2,490,1,1.00E-07,1.00E-07,1.00E-07,0.061237,0.0062932,6.7566,0.73894,2268.8,226.58,155.62,16.033
2,495,1,1.00E-07,1.00E-07,1.00E-07,0.0088367,0.00098221,6.0971,0.64504,2408,228.61,189.37,15.952
2,500,1,1.00E-07,0.5,1.00E-07,0.0013598,0.00015331,5.8135,0.56308,2371.8,230.26,133.86,15.793
2,505,1,1.00E-07,0.5,1.00E-07,0.45115,0.040346,5.4118,0.49153,2356.1,231.46,164.54,16.103
2,510,1,1.00E-07,1.00E-07,1.00E-07,0.42567,0.046619,4.9832,0.42907,2297.6,231.99,176.51,16.591
2,515,1,1.00E-07,0.5,1.00E-07,0.073391,0.007276,3.8066,0.37455,2280,231.87,144.41,16.77
2,520,1,1.00E-07,0.5,1.00E-07,0.40838,0.041458,2.5415,0.32695,2609.4,231.23,183.37,17.046
2,525,1,1.00E-07,0.5,1.00E-07,0.37395,0.046793,3.0424,0.28541,2495,229.91,142.31,17.467
2,530,1,1.00E-07,1.00E-07,1.00E-07,0.48164,0.047625,2.1089,0.24914,2426.1,227.86,173.5,17.881
2,535,1,1.00E-07,1.00E-07,1.00E-07,0.067055,0.007433,1.9728,0.21748,1974.5,225.19,191.37,17.972
2,540,1,1.00E-07,1.00E-07,1.00E-07,0.0099415,0.0011601,1.7443,0.18985,2452,222.26,176.08,17.754
2,545,1,1.00E-07,1.00E-07,1.00E-07,0.0017909,0.00018107,1.6617,0.16572,1991.2,219.25,158.19,17.46
2,550,1,1.00E-07,1.00E-07,1.00E-07,0.00026175,2.83E-05,1.2696,0.14467,1726.6,216.2,179.05,17.167
2,555,1,1.00E-07,1.00E-07,1.00E-07,4.48E-05,4.42E-06,1.3278,0.12628,1759.7,213.12,201.31,16.893
2,560,1,1.00E-07,0.5,1.00E-07,5.61E-06,6.98E-07,1.1165,0.11024,2351.5,210.01,172.09,16.64
2,565,1,1.00E-07,1.00E-07,1.00E-07,0.42164,0.040322,0.89414,0.096228,1736.3,206.63,151.47,16.927
2,570,1,1.00E-07,1.00E-07,1.00E-07,0.057246,0.0062932,0.82513,0.084,1906.8,202.67,179.27,17.087
2,575,1,1.00E-07,1.00E-07,1.00E-07,0.010063,0.00098222,0.73697,0.073327,1704.5,198.52,197.16,16.944
2,580,1,1.00E-07,1.00E-07,1.00E-07,0.0013375,0.00015331,0.67937,0.064009,2310.5,194.39,177.7,16.724
2,585,1,1.00E-07,1.00E-07,1.00E-07,0.00022433,2.39E-05,0.51443,0.055875,1936.8,190.34,171.98,16.501
2,590,1,1.00E-07,1.00E-07,1.00E-07,4.16E-05,3.74E-06,0.59737,0.048775,1862.5,186.36,167.47,16.292
2,595,1,1.00E-07,1.00E-07,1.00E-07,6.20E-06,5.92E-07,0.38983,0.042577,1795.3,182.45,172.25,16.1
2,600,1,1.00E-07,1.00E-07,1.00E-07,1.09E-06,1.01E-07,0.34027,0.037167,1646.2,178.61,181.62,15.926
2,605,1,1.00E-07,1.00E-07,1.00E-07,2.59E-07,2.38E-08,0.27311,0.032444,1747,174.83,168.53,15.767
2,610,1,1.00E-07,1.00E-07,1.00E-07,1.02E-07,1.18E-08,0.23395,0.028322,1537.6,171.11,144.54,15.624
2,615,1,1.00E-07,1.00E-07,50,1.11E-07,9.90E-09,0.26632,0.024723,1833.7,167.44,145.15,15.494
2,620,1,1.00E-07,1.00E-07,50,9.49E-08,9.61E-09,2.7181,0.27123,1729.4,169.65,135.83,15.375
2,625,1,1.00E-07,1.00E-07,50,8.85E-08,9.56E-09,4.9701,0.48642,1728.5,175.13,171.63,15.263
2,630,1,1.00E-07,1.00E-07,50,9.89E-08,9.56E-09,8.6019,0.67426,1850,181.22,126.33,15.156
2,635,1,1.00E-07,1.00E-07,50,7.69E-08,9.56E-09,9.1742,0.83823,2171.4,187.33,140.88,15.054
2,640,1,1.00E-07,1.00E-07,50,9.67E-08,9.56E-09,11.73,0.98137,1875,193.27,131.26,14.957
2,645,1,1.00E-07,1.00E-07,50,9.47E-08,9.56E-09,12.634,1.1063,1975.2,198.93,134.4,14.864
2,650,1,1.00E-07,1.00E-07,50,1.01E-07,9.56E-09,12.488,1.2154,2025.6,204.28,143.58,14.777
2,655,1,1.00E-07,1.00E-07,50,8.26E-08,9.56E-09,12.265,1.3106,2025.9,209.31,146.38,14.693
2,660,1,1.00E-07,1.00E-07,50,1.01E-07,9.56E-09,15.084,1.3937,2040.1,214.03,142.66,14.614
2,665,1,1.00E-07,1.00E-07,50,8.80E-08,9.56E-09,16.01,1.4663,2416.7,218.42,182.34,14.54
2,670,1,1.00E-07,1.00E-07,1.00E-07,9.11E-08,9.56E-09,14.188,1.5296,2545.3,222.52,171.9,14.469
2,675,1,1.00E-07,1.00E-07,1.00E-07,1.09E-07,9.56E-09,11.651,1.3352,2193.9,226.27,111.05,14.403
2,680,1,1.00E-07,1.00E-07,1.00E-07,7.85E-08,9.56E-09,11.442,1.1656,2349.3,229.62,130.05,14.34
2,685,1,1.00E-07,1.00E-07,1.00E-07,9.77E-08,9.56E-09,9.3242,1.0175,2327.3,232.58,128.08,14.281
2,690,1,1.00E-07,0.5,1.00E-07,9.63E-08,9.56E-09,9.6306,0.88817,2112,235.18,156.13,14.226
2,695,1,1.00E-07,1.00E-07,1.00E-07,0.38516,0.040322,6.7086,0.77531,2567.5,237.36,126.53,14.649
2,700,1,1.00E-07,1.00E-07,1.00E-07,0.066253,0.0062932,6.2658,0.67679,1918.1,239.05,163.3,14.936
2,705,1,1.00E-07,1.00E-07,1.00E-07,0.0095241,0.00098221,6.3346,0.59079,2796.3,240.34,155.78,14.933
2,710,1,1.00E-07,0.5,1.00E-07,0.0014239,0.00015331,5.115,0.51572,2653.6,241.31,118.02,14.85
2,715,1,1.00E-07,1.00E-07,1.00E-07,0.40148,0.040346,4.6637,0.45019,2300.1,241.87,165.12,15.216
2,720,1,1.00E-07,1.00E-07,50,0.070081,0.006297,3.704,0.39298,2443.5,241.89,188.34,15.453
2,725,1,1.00E-07,1.00E-07,50,0.010046,0.0009828,5.4231,0.5927,2242.9,242.23,150.68,15.407
2,730,1,1.00E-07,1.00E-07,50,0.0014041,0.0001534,8.5779,0.76703,2769.2,243.25,146.31,15.286
2,735,1,1.00E-07,1.00E-07,50,0.00024644,2.39E-05,7.9952,0.91922,2499.9,244.59,145.35,15.153
2,740,1,1.00E-07,1.00E-07,50,3.34E-05,3.75E-06,10.923,1.0521,2451.6,246.07,160.47,15.026
2,745,1,1.00E-07,1.00E-07,50,5.66E-06,5.93E-07,13.144,1.168,2500,247.61,139.04,14.908
2,750,1,1.00E-07,1.00E-07,50,8.55E-07,1.01E-07,15.265,1.2693,2688.5,249.15,151.82,14.798
2,755,1,1.00E-07,1.00E-07,50,2.43E-07,2.38E-08,13.323,1.3576,2663.5,250.66,150.6,14.696
2,760,1,1.00E-07,1.00E-07,50,1.29E-07,1.18E-08,14.666,1.4348,2604.1,252.13,141.02,14.602
2,765,1,1.00E-07,1.00E-07,50,9.25E-08,9.90E-09,15.538,1.5021,2422.8,253.54,141.97,14.514
2,770,1,1.00E-07,1.00E-07,50,8.70E-08,9.61E-09,14.545,1.5609,2498.9,254.88,149.76,14.433
2,775,1,1.00E-07,1.00E-07,50,9.30E-08,9.56E-09,15.575,1.6122,2406.6,256.15,144.92,14.359
2,780,1,1.00E-07,1.00E-07,50,9.05E-08,9.56E-09,15.166,1.657,2679.9,257.36,117.87,14.289
2,785,1,1.00E-07,1.00E-07,50,1.05E-07,9.56E-09,14.323,1.6961,2422.1,258.49,159.05,14.225
2,790,1,1.00E-07,1.00E-07,50,8.43E-08,9.56E-09,17.099,1.7302,2694.9,259.56,121.92,14.166
2,795,1,1.00E-07,1.00E-07,50,9.57E-08,9.56E-09,16.825,1.76,2618.8,260.56,123.57,14.111
2,800,1,1.00E-07,1.00E-07,50,1.00E-07,9.56E-09,20.857,1.786,2740.7,261.5,148.36,14.06
2,805,1,1.00E-07,1.00E-07,50,9.86E-08,9.56E-09,18.158,1.8087,2984,262.38,128.43,14.012
2,810,1,1.00E-07,0.5,50,1.04E-07,9.56E-09,19.225,1.8285,2437.9,263.2,135.48,13.968
2,815,1,1.00E-07,1.00E-07,1.00E-07,0.39642,0.040322,16.021,1.8458,2728.8,263.94,116.63,14.369
2,820,1,1.00E-07,1.00E-07,1.00E-07,0.052896,0.0062932,14.837,1.6113,3540.5,264.53,129.61,14.644
2,825,1,1.00E-07,1.00E-07,1.00E-07,0.01054,0.00098221,15.37,1.4065,2730.6,264.96,122.93,14.649
2,830,1,1.00E-07,1.00E-07,1.00E-07,0.0015014,0.00015331,9.5529,1.2278,2919.1,265.24,174.66,14.579
2,835,1,1.00E-07,1.00E-07,1.00E-07,0.00020137,2.39E-05,9.7466,1.0718,2730,265.39,142.53,14.495
2,840,1,1.00E-07,1.00E-07,1.00E-07,3.42E-05,3.74E-06,8.8471,0.9356,2532.7,265.4,125,14.413
2,845,1,1.00E-07,1.00E-07,1.00E-07,5.08E-06,5.92E-07,6.9897,0.81671,2201.6,265.27,136.03,14.337
2,850,1,1.00E-07,1.00E-07,1.00E-07,9.64E-07,1.01E-07,7.8262,0.71293,2551.1,264.99,147.74,14.267
2,855,1,1.00E-07,1.00E-07,1.00E-07,2.55E-07,2.38E-08,5.2639,0.62234,2184.5,264.57,166.63,14.203
2,860,1,1.00E-07,1.00E-07,1.00E-07,1.01E-07,1.18E-08,5.8347,0.54326,2231,263.99,144.15,14.143
2,865,1,1.00E-07,1.00E-07,1.00E-07,9.32E-08,9.90E-09,4.791,0.47423,2598.2,263.25,137.22,14.089
2,870,1,1.00E-07,1.00E-07,1.00E-07,9.50E-08,9.61E-09,4.5163,0.41397,2898.2,262.34,124.76,14.039
2,875,1,1.00E-07,1.00E-07,1.00E-07,7.49E-08,9.56E-09,3.8215,0.36136,2300.5,261.26,131.96,13.993
2,880,1,1.00E-07,1.00E-07,1.00E-07,1.02E-07,9.56E-09,3.3479,0.31545,2288.5,260,138.02,13.952
2,885,1,1.00E-07,1.00E-07,1.00E-07,1.06E-07,9.56E-09,2.3353,0.27536,2955.4,258.56,139.04,13.914
2,890,1,1.00E-07,1.00E-07,1.00E-07,8.79E-08,9.56E-09,2.7491,0.24037,2833.8,256.93,156.27,13.88
2,895,1,1.00E-07,1.00E-07,1.00E-07,9.68E-08,9.56E-09,2.1216,0.20983,2674.5,255.11,140.73,13.848
2,900,1,1.00E-07,1.00E-07,1.00E-07,9.69E-08,9.56E-09,1.7925,0.18317,2961.2,253.09,152.33,13.82
2,905,1,1.00E-07,1.00E-07,1.00E-07,9.78E-08,9.56E-09,1.6565,0.15989,2094.9,250.87,121.05,13.795
2,910,1,1.00E-07,1.00E-07,1.00E-07,9.18E-08,9.56E-09,1.2901,0.13957,2793.3,248.46,159.38,13.773
2,915,1,1.00E-07,1.00E-07,1.00E-07,9.61E-08,9.56E-09,1.2376,0.12184,3071.6,245.85,121.95,13.753
2,920,1,1.00E-07,1.00E-07,50,9.45E-08,9.56E-09,1.0617,0.10636,2664.7,243.05,136.63,13.736
2,925,1,1.00E-07,1.00E-07,1.00E-07,9.15E-08,9.56E-09,3.365,0.34249,2560.4,242.3,138.43,13.721
2,930,1,1.00E-07,1.00E-07,50,9.61E-08,9.56E-09,2.4586,0.29897,2163.9,242.57,138.15,13.707
2,935,1,1.00E-07,1.00E-07,50,8.40E-08,9.56E-09,4.8174,0.51063,2436.6,243.28,124.23,13.694
2,940,1,1.00E-07,1.00E-07,50,8.30E-08,9.56E-09,6.3802,0.6954,2337,244.61,132.65,13.681
2,945,1,1.00E-07,1.00E-07,50,1.05E-07,9.56E-09,6.475,0.85668,2222.5,246.18,135.36,13.669
2,950,1,1.00E-07,1.00E-07,50,9.64E-08,9.56E-09,11.21,0.99747,2484.6,247.81,123.95,13.658
2,955,1,1.00E-07,1.00E-07,50,9.17E-08,9.56E-09,10.047,1.1204,2592.5,249.44,142.32,13.647
2,960,1,1.00E-07,1.00E-07,50,1.02E-07,9.56E-09,13.559,1.2277,2514.4,251.04,134.07,13.636
2,965,1,1.00E-07,1.00E-07,50,1.03E-07,9.56E-09,12.005,1.3213,2876.5,252.57,113.14,13.625
2,970,1,1.00E-07,1.00E-07,50,9.35E-08,9.56E-09,13.577,1.4031,2476.1,254.03,129.68,13.615
2,975,1,1.00E-07,1.00E-07,50,7.63E-08,9.56E-09,15.577,1.4744,2648,255.42,139.77,13.605
2,980,1,1.00E-07,1.00E-07,1.00E-07,9.71E-08,9.56E-09,16.627,1.5367,2362.2,256.73,131.89,13.596
2,985,1,1.00E-07,1.00E-07,1.00E-07,1.10E-07,9.56E-09,15.664,1.3415,2418,257.9,150.17,13.587
2,990,1,1.00E-07,0.5,50,9.00E-08,9.56E-09,11.13,1.171,2340.1,258.88,129.67,13.578
2,995,1,1.00E-07,1.00E-07,1.00E-07,0.42073,0.040322,14.44,1.2718,2887.4,259.74,97.254,14.016
2,1000,1,1.00E-07,1.00E-07,1.00E-07,0.056763,0.0062932,12.61,1.1102,2678,260.42,125.09,14.324
2,1005,1,1.00E-07,0.5,1.00E-07,0.0094541,0.00098221,8.9749,0.96916,2489.3,260.88,151.52,14.356
2,1010,1,1.00E-07,0.5,1.00E-07,0.36287,0.040475,8.1752,0.84601,2560.7,261.12,133.72,14.736
2,1015,1,1.00E-07,1.00E-07,1.00E-07,0.43343,0.046639,7.7632,0.7385,2447.5,261,139.97,15.27
2,1020,1,1.00E-07,1.00E-07,1.00E-07,0.081815,0.0072792,5.6195,0.64466,2462.1,260.53,161.67,15.512
2,1025,1,1.00E-07,1.00E-07,1.00E-07,0.010099,0.0011361,4.887,0.56275,2510.9,259.81,128.68,15.461
2,1030,1,1.00E-07,0.5,1.00E-07,0.0019456,0.00017732,4.6333,0.49124,2595.7,258.9,168.33,15.332
2,1035,1,1.00E-07,0.5,1.00E-07,0.49996,0.04035,4.515,0.42882,2222.3,257.74,170.02,15.634
2,1040,1,1.00E-07,1.00E-07,1.00E-07,0.41584,0.04662,4.3611,0.37433,2734.5,256.1,175.87,16.105
2,1045,1,1.00E-07,0.5,1.00E-07,0.065456,0.0072761,2.5403,0.32676,2424,253.97,160.02,16.287
2,1050,1,1.00E-07,1.00E-07,1.00E-07,0.42126,0.041458,2.9071,0.28524,2618.4,251.47,153.32,16.564
2,1055,1,1.00E-07,0.5,1.00E-07,0.054487,0.0064705,2.4249,0.24899,2940.8,248.51,189.55,16.689
2,1060,1,1.00E-07,1.00E-07,1.00E-07,0.43547,0.041332,2.0034,0.21735,2596.7,245.2,154.29,16.94
2,1065,1,1.00E-07,0.5,1.00E-07,0.065714,0.0064508,1.8208,0.18974,2273.6,241.43,139.87,17.043
2,1070,1,1.00E-07,0.5,1.00E-07,0.35876,0.041329,1.6528,0.16563,2287.8,237.33,186.95,17.279
2,1075,1,1.00E-07,0.5,1.00E-07,0.44016,0.046772,1.5448,0.14458,2300.6,232.69,187.21,17.671
2,1080,1,1.00E-07,1.00E-07,1.00E-07,0.59568,0.047622,1.1558,0.12621,2217.6,227.48,157.24,18.066
2,1085,1,1.00E-07,1.00E-07,1.00E-07,0.081337,0.0074325,1.1005,0.11017,2211.7,221.85,170.22,18.145
2,1090,1,1.00E-07,1.00E-07,1.00E-07,0.011993,0.00116,0.89911,0.096171,2409,216.21,174.32,17.916
2,1095,1,1.00E-07,1.00E-07,1.00E-07,0.0019225,0.00018106,0.72211,0.083951,2116.4,210.76,149.32,17.614
2,1100,1,1.00E-07,0.5,1.00E-07,0.00032028,2.83E-05,0.73883,0.073283,2060,205.52,183.76,17.313
2,1105,1,1.00E-07,1.00E-07,1.00E-07,0.47431,0.040327,0.64081,0.063971,2004.3,200.25,148.73,17.559
2,1110,1,1.00E-07,1.00E-07,1.00E-07,0.065572,0.0062939,0.51153,0.055842,2007.2,194.63,140.47,17.683
2,1115,1,1.00E-07,1.00E-07,1.00E-07,0.0076035,0.00098232,0.48698,0.048746,2163.2,189.05,146,17.5
2,1120,1,1.00E-07,1.00E-07,1.00E-07,0.0015734,0.00015332,0.4112,0.042552,1817.5,183.68,163.9,17.243
2,1125,1,1.00E-07,1.00E-07,1.00E-07,0.00025697,2.39E-05,0.41155,0.037145,1643.4,178.56,170.06,16.985
2,1130,1,1.00E-07,0.5,50,3.62E-05,3.74E-06,0.3773,0.032425,1789.7,173.69,182.49,16.745
2,1135,1,1.00E-07,1.00E-07,1.00E-07,0.40454,0.040323,2.6865,0.27796,1871.3,174.29,176.3,17.109
2,1140,1,1.00E-07,1.00E-07,50,0.061954,0.0062933,2.7045,0.24264,1620.1,176.88,178.27,17.316
2,1145,1,1.00E-07,1.00E-07,50,0.0094662,0.00098223,4.624,0.46145,1836.8,180.32,156.33,17.177
2,1150,1,1.00E-07,1.00E-07,50,0.0016427,0.00015331,5.2683,0.65247,1882.7,185.04,179.94,16.948
2,1155,1,1.00E-07,1.00E-07,50,0.00027532,2.39E-05,7.3809,0.81921,1880.6,190.16,160.56,16.71
2,1160,1,1.00E-07,1.00E-07,50,3.52E-05,3.74E-06,10.079,0.96476,2145.9,195.36,166.9,16.482
2,1165,1,1.00E-07,1.00E-07,50,6.59E-06,5.92E-07,10.692,1.0918,1848.8,200.45,131.95,16.268
2,1170,1,1.00E-07,1.00E-07,50,9.29E-07,1.01E-07,9.3608,1.2027,2087.1,205.35,165.04,16.069
2,1175,1,1.00E-07,1.00E-07,50,2.29E-07,2.38E-08,13.022,1.2996,2397.4,210.02,169.34,15.883
2,1180,1,1.00E-07,1.00E-07,50,1.23E-07,1.18E-08,14.445,1.3841,2061.5,214.45,139.15,15.709
2,1185,1,1.00E-07,1.00E-07,1.00E-07,1.08E-07,9.90E-09,16.479,1.4578,2581.6,218.62,173.25,15.548
2,1190,1,1.00E-07,1.00E-07,1.00E-07,1.01E-07,9.61E-09,11.841,1.2726,1776.7,222.44,168.94,15.397
2,1195,1,1.00E-07,1.00E-07,1.00E-07,8.16E-08,9.56E-09,10.965,1.1109,2478.6,225.85,116.34,15.257
2,1200,1,1.00E-07,0.5,1.00E-07,1.01E-07,9.56E-09,9.3292,0.96973,2254.5,228.85,173.83,15.127
2,1205,1,1.00E-07,1.00E-07,1.00E-07,0.38169,0.040322,8.944,0.84651,2021.8,231.41,148.49,15.49
2,1210,1,1.00E-07,1.00E-07,1.00E-07,0.065373,0.0062932,7.1918,0.73894,2469.1,233.44,154.06,15.719
2,1215,1,1.00E-07,1.00E-07,1.00E-07,0.008645,0.00098221,7.5045,0.64504,1992.4,235.05,153.92,15.657
2,1220,1,1.00E-07,0.5,1.00E-07,0.0016105,0.00015331,4.6158,0.56308,2399.8,236.31,172.79,15.519
2,1225,1,1.00E-07,0.5,1.00E-07,0.41405,0.040346,5.9456,0.49153,2239.7,237.16,168.22,15.84
2,1230,1,1.00E-07,1.00E-07,1.00E-07,0.507,0.046619,4.5371,0.42907,2340.4,237.38,166.28,16.337
2,1235,1,1.00E-07,0.5,1.00E-07,0.069467,0.007276,3.313,0.37455,2397.6,236.99,163.55,16.527
2,1240,1,1.00E-07,0.5,1.00E-07,0.43827,0.041458,2.818,0.32695,2483.8,236.1,180.57,16.813
2,1245,1,1.00E-07,0.5,1.00E-07,0.43122,0.046793,3.0214,0.28541,2483.9,234.56,168.04,17.242
2,1250,1,1.00E-07,1.00E-07,1.00E-07,0.46998,0.047625,2.6074,0.24914,2362.3,232.32,180.72,17.662
2,1255,1,1.00E-07,1.00E-07,1.00E-07,0.076022,0.007433,2.224,0.21748,2165,229.48,192.27,17.763
2,1260,1,1.00E-07,1.00E-07,1.00E-07,0.012953,0.0011601,1.9166,0.18985,2013.3,226.39,168.34,17.558
2,1265,1,1.00E-07,1.00E-07,1.00E-07,0.0017752,0.00018107,1.617,0.16572,2255.3,223.23,175.03,17.278
2,1270,1,1.00E-07,1.00E-07,1.00E-07,0.00028118,2.83E-05,1.3516,0.14467,2426.5,220.03,176.56,16.998
2,1275,1,1.00E-07,1.00E-07,1.00E-07,3.95E-05,4.42E-06,1.0824,0.12628,2600.1,216.81,203.39,16.735
2,1280,1,1.00E-07,0.5,1.00E-07,6.24E-06,6.98E-07,1.1752,0.11024,2092.9,213.56,207.33,16.493
2,1285,1,1.00E-07,1.00E-07,1.00E-07,0.34783,0.040322,0.83952,0.096228,1916.3,210.04,163.82,16.784
2,1290,1,1.00E-07,1.00E-07,1.00E-07,0.058188,0.0062932,0.88406,0.084001,2043.6,205.96,173.31,16.95
2,1295,1,1.00E-07,1.00E-07,1.00E-07,0.0098327,0.00098222,0.74064,0.073327,1972.4,201.69,131.89,16.814
2,1300,1,1.00E-07,1.00E-07,1.00E-07,0.0015331,0.00015331,0.63998,0.064009,1692.9,197.44,163.64,16.603
2,1305,1,1.00E-07,1.00E-07,1.00E-07,0.00025849,2.39E-05,0.61145,0.055875,2193.5,193.27,178.27,16.388
2,1310,1,1.00E-07,1.00E-07,1.00E-07,4.25E-05,3.74E-06,0.40626,0.048775,2004.6,189.18,173.58,16.186
2,1315,1,1.00E-07,1.00E-07,1.00E-07,4.84E-06,5.92E-07,0.41773,0.042577,1936.2,185.17,142.08,16.002
2,1320,1,1.00E-07,1.00E-07,1.00E-07,1.14E-06,1.01E-07,0.3083,0.037167,1981.5,181.22,154.08,15.833
2,1325,1,1.00E-07,1.00E-07,1.00E-07,2.68E-07,2.38E-08,0.37949,0.032444,1796.6,177.33,185.17,15.681
2,1330,1,1.00E-07,1.00E-07,1.00E-07,1.26E-07,1.18E-08,0.27645,0.028322,1998.9,173.5,149.76,15.543
2,1335,1,1.00E-07,1.00E-07,50,9.16E-08,9.90E-09,0.21237,0.024723,1797.9,169.73,159.63,15.418
2,1340,1,1.00E-07,1.00E-07,50,8.39E-08,9.61E-09,3.0876,0.27123,1836.1,171.83,143.79,15.303
2,1345,1,1.00E-07,1.00E-07,50,8.16E-08,9.56E-09,4.32,0.48642,1701,177.18,153.24,15.196
2,1350,1,1.00E-07,1.00E-07,50,7.93E-08,9.56E-09,5.827,0.67426,1632.9,183.13,161.88,15.093
2,1355,1,1.00E-07,1.00E-07,50,1.01E-07,9.56E-09,9.0693,0.83823,1882.6,189.12,138.27,14.995
2,1360,1,1.00E-07,1.00E-07,50,9.22E-08,9.56E-09,11.778,0.98137,1993.1,194.93,142.02,14.901
2,1365,1,1.00E-07,1.00E-07,50,7.89E-08,9.56E-09,11.672,1.1063,1986.9,200.47,155.86,14.813
2,1370,1,1.00E-07,1.00E-07,50,1.07E-07,9.56E-09,11.443,1.2154,1705.2,205.71,138.59,14.728
2,1375,1,1.00E-07,1.00E-07,50,1.10E-07,9.56E-09,10.123,1.3106,1985.3,210.64,143.19,14.648
2,1380,1,1.00E-07,1.00E-07,50,1.10E-07,9.56E-09,13.312,1.3937,2585.2,215.25,151.57,14.572
2,1385,1,1.00E-07,1.00E-07,50,1.07E-07,9.56E-09,12.04,1.4663,1863,219.56,163.08,14.5
2,1390,1,1.00E-07,1.00E-07,1.00E-07,8.77E-08,9.56E-09,15.771,1.5296,2086.9,223.58,134.36,14.432
2,1395,1,1.00E-07,1.00E-07,1.00E-07,9.93E-08,9.56E-09,17.152,1.3352,1970.1,227.25,167.93,14.368
2,1400,1,1.00E-07,1.00E-07,1.00E-07,8.79E-08,9.56E-09,11.836,1.1656,2262.4,230.52,150.44,14.308
2,1405,1,1.00E-07,1.00E-07,1.00E-07,9.87E-08,9.56E-09,8.9946,1.0175,1799.1,233.42,129.14,14.251
2,1410,1,1.00E-07,0.5,1.00E-07,1.07E-07,9.56E-09,8.2316,0.88817,2430,235.96,169.44,14.198
2,1415,1,1.00E-07,1.00E-07,1.00E-07,0.39792,0.040322,7.7562,0.77531,2677.9,238.09,140.59,14.622
2,1420,1,1.00E-07,1.00E-07,1.00E-07,0.071177,0.0062932,6.5865,0.67679,2530.1,239.73,153.65,14.91
2,1425,1,1.00E-07,1.00E-07,1.00E-07,0.011474,0.00098221,4.949,0.59079,2302.3,240.98,138.81,14.909
2,1430,1,1.00E-07,0.5,1.00E-07,0.0014381,0.00015331,4.9804,0.51572,2317.2,241.9,122.08,14.827
2,1435,1,1.00E-07,0.5,1.00E-07,0.39655,0.040346,4.9333,0.45019,2283.1,242.42,138.65,15.194
3,0,1,1.00E-07,0.5,1.00E-07,0.97851,0.095558,3.95E-08,3.93E-09,30.818,2.6497,1573.9,143.41
3,5,1,1.00E-07,0.5,1.00E-07,0.58828,0.055236,3.25E-08,3.93E-09,26.416,2.6497,1761.3,142.75
3,10,1,1.00E-07,0.5,1.00E-07,0.50964,0.048943,3.93E-08,3.93E-09,29.712,2.6498,1563.4,141.57
3,15,1,1.00E-07,0.5,1.00E-07,0.41801,0.047961,3.85E-08,3.93E-09,23.803,2.65,998.28,140.36
3,20,1,1.00E-07,0.5,1.00E-07,0.52842,0.047808,4.47E-08,3.93E-09,29.987,2.6502,1598.6,139.23
3,25,1,1.00E-07,0.5,1.00E-07,0.51191,0.047784,4.75E-08,3.93E-09,21.154,2.6505,1276.3,138.19
3,30,1,1.00E-07,0.5,1.00E-07,0.45841,0.04778,3.26E-08,3.93E-09,26.548,2.6508,1271,137.23
3,35,1,1.00E-07,0.5,1.00E-07,0.48951,0.047779,3.49E-08,3.93E-09,24.276,2.6512,1468.8,136.34
3,40,1,1.00E-07,0.5,1.00E-07,0.57301,0.047779,3.83E-08,3.93E-09,26.442,2.6516,1345.9,135.53
3,45,1,1.00E-07,0.5,1.00E-07,0.55242,0.047779,4.04E-08,3.93E-09,26.269,2.652,1441.7,134.78
3,50,1,1.00E-07,0.5,1.00E-07,0.47462,0.047779,4.30E-08,3.93E-09,27.612,2.6525,1513.1,134.08
3,55,1,1.00E-07,0.5,1.00E-07,0.52424,0.047779,4.50E-08,3.93E-09,23.051,2.653,1501.1,133.44
3,60,1,1.00E-07,0.5,1.00E-07,0.42861,0.047779,3.82E-08,3.93E-09,27.113,2.6535,1451.7,132.86
3,65,1,1.00E-07,0.5,1.00E-07,0.42661,0.047779,4.44E-08,3.93E-09,27.742,2.654,1141.4,132.31
3,70,1,1.00E-07,0.5,1.00E-07,0.35364,0.047779,4.18E-08,3.93E-09,26.581,2.6545,1303.4,131.81
3,75,1,1.00E-07,0.5,1.00E-07,0.4214,0.047779,3.88E-08,3.93E-09,29.44,2.655,1262.6,131.35
3,80,1,1.00E-07,0.5,1.00E-07,0.44438,0.047779,3.65E-08,3.93E-09,27.304,2.6555,1275.5,130.93
3,85,1,1.00E-07,0.5,1.00E-07,0.50641,0.047779,3.82E-08,3.93E-09,27.65,2.656,1297.9,130.54
3,90,1,1.00E-07,0.5,1.00E-07,0.40244,0.047779,3.64E-08,3.93E-09,28.846,2.6565,1280.1,130.18
3,95,1,1.00E-07,0.5,1.00E-07,0.48599,0.047779,3.83E-08,3.93E-09,25.221,2.657,1231.2,129.84
3,100,1,1.00E-07,0.5,1.00E-07,0.52644,0.047779,4.00E-08,3.93E-09,26.7,2.6575,1380.2,129.54
3,105,1,1.00E-07,0.5,1.00E-07,0.38626,0.047779,3.87E-08,3.93E-09,26.931,2.658,1538.8,129.25
3,110,1,1.00E-07,0.5,1.00E-07,0.43854,0.047779,4.08E-08,3.93E-09,24.088,2.6585,1418.1,128.99
3,115,1,1.00E-07,0.5,1.00E-07,0.52443,0.047779,3.66E-08,3.93E-09,28.491,2.6589,1219.4,128.75
3,120,1,1.00E-07,1.00E-07,50,0.46175,0.047779,3.51E-08,3.93E-09,25.502,2.6594,948.33,128.53
3,125,1,1.00E-07,1.00E-07,50,0.085109,0.0074571,2.5991,0.24965,25.826,2.7057,1407,126.45
3,130,1,1.00E-07,1.00E-07,50,0.010494,0.0011639,4.5736,0.46758,27.492,2.8317,1318.8,121.64
3,135,1,1.00E-07,1.00E-07,50,0.0016816,0.00018166,6.1099,0.65781,32.774,3.0503,1209.1,115.84
3,140,1,1.00E-07,1.00E-07,50,0.00027387,2.84E-05,8.0211,0.82388,34.018,3.3804,1234.7,109.99
3,145,1,1.00E-07,1.00E-07,50,4.45E-05,4.43E-06,9.2635,0.96884,36.95,3.8427,874.28,104.37
3,150,1,1.00E-07,0.5,1.00E-07,8.11E-06,7.00E-07,11.033,1.0954,41.288,4.4602,1011.1,98.996
3,155,1,1.00E-07,0.5,1.00E-07,0.362,0.040322,8.481,0.95619,51.674,5.0975,1039.7,98.086
3,160,1,1.00E-07,0.5,1.00E-07,0.47746,0.046615,7.4937,0.83469,55.858,5.5843,1026.9,98.216
3,165,1,1.00E-07,0.5,1.00E-07,0.49252,0.047598,7.2025,0.72862,60.447,5.9423,872.53,98.258
3,170,1,1.00E-07,0.5,1.00E-07,0.44617,0.047751,6.8127,0.63604,70.53,6.1964,975.85,98.177
3,175,1,1.00E-07,0.5,1.00E-07,0.40858,0.047775,5.6006,0.55522,70.086,6.367,962.93,98.012
3,180,1,1.00E-07,0.5,1.00E-07,0.43042,0.047779,5.593,0.48466,52.867,6.47,959.65,97.803
3,185,1,1.00E-07,0.5,1.00E-07,0.47942,0.047779,4.4936,0.42308,66.181,6.5185,938,97.579
3,190,1,1.00E-07,0.5,1.00E-07,0.39762,0.047779,3.2428,0.36932,68.073,6.5228,1002.4,97.363
3,195,1,1.00E-07,0.5,1.00E-07,0.57906,0.047779,2.8608,0.32239,62.656,6.4916,1021.4,97.17
3,200,1,1.00E-07,0.5,1.00E-07,0.41426,0.047779,2.7968,0.28142,69.893,6.432,874.13,97.011
3,205,1,1.00E-07,0.5,1.00E-07,0.44014,0.047779,2.6575,0.24566,55.242,6.35,925.93,96.895
3,210,1,1.00E-07,0.5,1.00E-07,0.55309,0.047779,2.4014,0.21445,61.184,6.2506,1039.9,96.827
3,215,1,1.00E-07,0.5,1.00E-07,0.50102,0.047779,1.7867,0.1872,59.48,6.1378,1014.3,96.811
3,220,1,1.00E-07,0.5,1.00E-07,0.51927,0.047779,1.4597,0.16341,66.534,6.0153,952.85,96.848
3,225,1,1.00E-07,0.5,1.00E-07,0.49025,0.047779,1.4068,0.14265,61.944,5.8858,1008.6,96.939
3,230,1,1.00E-07,0.5,1.00E-07,0.51876,0.047779,1.2467,0.12452,58.636,5.752,998.38,97.085
3,235,1,1.00E-07,0.5,1.00E-07,0.45046,0.047779,1.1503,0.1087,63.031,5.6156,1036.1,97.283
3,240,1,1.00E-07,0.5,1.00E-07,0.45153,0.047779,0.97045,0.094884,53.211,5.4785,920.1,97.532
3,245,1,1.00E-07,0.5,1.00E-07,0.52345,0.047779,0.86646,0.082828,44.67,5.342,1193.5,97.83
3,250,1,1.00E-07,0.5,1.00E-07,0.40132,0.047779,0.69292,0.072303,46.806,5.2072,1160.9,98.175
3,255,1,1.00E-07,0.5,1.00E-07,0.44536,0.047779,0.63846,0.063115,52.175,5.075,802.18,98.562
3,260,1,1.00E-07,0.5,1.00E-07,0.45748,0.047779,0.63696,0.055095,52.019,4.9461,904.05,98.99
3,265,1,1.00E-07,0.5,1.00E-07,0.48136,0.047779,0.47169,0.048094,45.658,4.8211,1104.9,99.455
3,270,1,1.00E-07,1.00E-07,50,0.43251,0.047779,0.52187,0.041983,45.35,4.7002,1075.5,99.953
3,275,1,1.00E-07,1.00E-07,50,0.081415,0.0074571,2.8811,0.2863,42.276,4.6742,1028.7,98.67
3,280,1,1.00E-07,1.00E-07,50,0.010346,0.0011639,4.8244,0.49957,44.324,4.8336,940.76,94.985
3,285,1,1.00E-07,1.00E-07,50,0.0019726,0.00018166,6.7554,0.68574,47.031,5.2061,904.1,90.507
3,290,1,1.00E-07,1.00E-07,50,0.00027669,2.84E-05,9.2027,0.84825,53.102,5.8278,933.92,85.994
3,295,1,1.00E-07,1.00E-07,50,4.74E-05,4.43E-06,9.8525,0.99012,69.992,6.7364,723.81,81.643
3,300,1,1.00E-07,0.5,1.00E-07,6.67E-06,7.00E-07,10.394,1.114,81.933,7.971,790.71,77.477
3,305,1,1.00E-07,0.5,1.00E-07,0.33985,0.040322,9.3644,0.9724,79.763,9.2454,856.96,76.841
3,310,1,1.00E-07,0.5,1.00E-07,0.35208,0.046615,9.529,0.84884,97.638,10.203,721.66,77.073
3,315,1,1.00E-07,0.5,1.00E-07,0.52499,0.047598,7.5346,0.74098,117.43,10.889,693.24,77.203
3,320,1,1.00E-07,0.5,1.00E-07,0.5021,0.047751,5.9614,0.64682,132.42,11.357,820.8,77.209
3,325,1,1.00E-07,0.5,1.00E-07,0.49898,0.047775,5.7551,0.56463,109.97,11.651,719.1,77.136
3,330,1,1.00E-07,0.5,1.00E-07,0.52973,0.047779,5.402,0.49288,117.14,11.806,831.49,77.023
3,335,1,1.00E-07,0.5,1.00E-07,0.43267,0.047779,4.5238,0.43025,127.27,11.847,646.77,76.9
3,340,1,1.00E-07,0.5,1.00E-07,0.4547,0.047779,3.5205,0.37558,121.27,11.797,697.21,76.788
3,345,1,1.00E-07,0.5,1.00E-07,0.44217,0.047779,3.3578,0.32786,132.9,11.673,846.27,76.702
3,350,1,1.00E-07,0.5,1.00E-07,0.48128,0.047779,3.0016,0.2862,126.97,11.492,797.28,76.656
3,355,1,1.00E-07,0.5,1.00E-07,0.5384,0.047779,2.3408,0.24983,112.34,11.265,679.18,76.657
3,360,1,1.00E-07,0.5,1.00E-07,0.50394,0.047779,2.0606,0.21808,83.374,11.003,864.45,76.711
3,365,1,1.00E-07,0.5,1.00E-07,0.4383,0.047779,1.704,0.19037,117.01,10.715,870.82,76.823
3,370,1,1.00E-07,0.5,1.00E-07,0.43107,0.047779,1.7346,0.16618,116.77,10.407,814.46,76.996
3,375,1,1.00E-07,0.5,1.00E-07,0.45408,0.047779,1.5175,0.14506,99.459,10.087,760.87,77.23
3,380,1,1.00E-07,0.5,1.00E-07,0.52871,0.047779,1.273,0.12663,105.59,9.7593,852.93,77.527
3,385,1,1.00E-07,0.5,1.00E-07,0.46094,0.047779,1.0081,0.11054,104.05,9.4281,763.19,77.886
3,390,1,1.00E-07,0.5,1.00E-07,0.36663,0.047779,1.1607,0.096494,88.439,9.0972,855.73,78.306
3,395,1,1.00E-07,0.5,1.00E-07,0.50778,0.047779,0.95122,0.084232,82.834,8.7694,681.45,78.786
3,400,1,1.00E-07,0.5,1.00E-07,0.4654,0.047779,0.73418,0.073529,75.387,8.4471,658.18,79.324
3,405,1,1.00E-07,0.5,1.00E-07,0.53828,0.047779,0.70758,0.064186,91.883,8.1323,817.36,79.917
3,410,1,1.00E-07,0.5,1.00E-07,0.51757,0.047779,0.53756,0.056029,73.291,7.8264,794.74,80.564
3,415,1,1.00E-07,0.5,1.00E-07,0.51537,0.047779,0.56427,0.04891,74.185,7.5306,890.04,81.26
3,420,1,1.00E-07,1.00E-07,50,0.48602,0.047779,0.43916,0.042695,80.528,7.2458,823.74,82.004
3,425,1,1.00E-07,1.00E-07,50,0.075378,0.0074571,3.4231,0.28692,68.572,7.1426,761.67,81.111
3,430,1,1.00E-07,1.00E-07,50,0.011036,0.0011639,4.3425,0.50011,82.454,7.3879,738.21,78.124
3,435,1,1.00E-07,1.00E-07,50,0.0020577,0.00018166,6.131,0.68621,79.341,8.0249,784.55,74.488
3,440,1,1.00E-07,1.00E-07,50,0.00031058,2.84E-05,7.4668,0.84867,90.69,9.1072,549.95,70.824
3,445,1,1.00E-07,1.00E-07,50,4.59E-05,4.43E-06,11.731,0.99048,109.56,10.685,726.99,67.288
3,450,1,1.00E-07,0.5,1.00E-07,7.23E-06,7.00E-07,10.984,1.1143,125.67,12.807,674.91,63.901
3,455,1,1.00E-07,0.5,1.00E-07,0.41533,0.040322,10.221,0.97268,148.06,14.988,658.41,63.335
3,460,1,1.00E-07,0.5,1.00E-07,0.43348,0.046615,7.0098,0.84908,159.67,16.642,634.7,63.492
3,465,1,1.00E-07,0.5,1.00E-07,0.54982,0.047598,8.4419,0.74119,170.73,17.839,678.68,63.551
3,470,1,1.00E-07,0.5,1.00E-07,0.46994,0.047751,6.4125,0.64701,194.01,18.667,605.13,63.5
3,475,1,1.00E-07,0.5,1.00E-07,0.46861,0.047775,5.6102,0.56479,200.9,19.195,742.49,63.379
3,480,1,1.00E-07,0.5,1.00E-07,0.53955,0.047779,5.0776,0.49302,184.11,19.481,681.41,63.224
3,485,1,1.00E-07,0.5,1.00E-07,0.51793,0.047779,4.3081,0.43037,191.34,19.568,659.74,63.062
3,490,1,1.00E-07,0.5,1.00E-07,0.49328,0.047779,3.5623,0.37569,190.25,19.494,663.78,62.912
3,495,1,1.00E-07,0.5,1.00E-07,0.44251,0.047779,3.4362,0.32795,162.35,19.289,635.8,62.79
3,500,1,1.00E-07,0.5,1.00E-07,0.52741,0.047779,2.8941,0.28628,202.55,18.978,617.83,62.705
3,505,1,1.00E-07,0.5,1.00E-07,0.4378,0.047779,2.669,0.2499,198.85,18.584,615.23,62.666
3,510,1,1.00E-07,0.5,1.00E-07,0.44207,0.047779,2.6186,0.21814,180.84,18.123,662.7,62.68
3,515,1,1.00E-07,0.5,1.00E-07,0.46204,0.047779,1.8901,0.19042,154.61,17.611,539.05,62.75
3,520,1,1.00E-07,0.5,1.00E-07,0.47712,0.047779,1.745,0.16623,182.42,17.062,570.12,62.88
3,525,1,1.00E-07,0.5,1.00E-07,0.46485,0.047779,1.4024,0.14511,177.97,16.486,714.41,63.071
3,530,1,1.00E-07,0.5,1.00E-07,0.47284,0.047779,1.3275,0.12667,163.68,15.893,594.78,63.325
3,535,1,1.00E-07,0.5,1.00E-07,0.47553,0.047779,1.1904,0.11057,129.52,15.292,665.04,63.644
3,540,1,1.00E-07,0.5,1.00E-07,0.51303,0.047779,0.87818,0.096521,138.27,14.687,661.64,64.026
3,545,1,1.00E-07,0.5,1.00E-07,0.53336,0.047779,1.0002,0.084256,138.7,14.087,546.39,64.471
3,550,1,1.00E-07,0.5,1.00E-07,0.49932,0.047779,0.68639,0.07355,139.86,13.493,617.82,64.98
3,555,1,1.00E-07,0.5,1.00E-07,0.36598,0.047779,0.62875,0.064204,125.78,12.912,625.59,65.55
3,560,1,1.00E-07,0.5,1.00E-07,0.42618,0.047779,0.55525,0.056045,114,12.345,570.7,66.18
3,565,1,1.00E-07,0.5,1.00E-07,0.45103,0.047779,0.61837,0.048924,126.07,11.795,626.89,66.869
3,570,1,1.00E-07,1.00E-07,50,0.37118,0.047779,0.40295,0.042707,119.68,11.264,683.99,67.615
3,575,1,1.00E-07,1.00E-07,50,0.067943,0.0074571,2.8489,0.28693,96.013,11.068,752.97,66.921
3,580,1,1.00E-07,1.00E-07,50,0.012589,0.0011639,5.1889,0.50012,110.92,11.503,588.71,64.474
3,585,1,1.00E-07,1.00E-07,50,0.0021192,0.00018166,7.7522,0.68622,113.22,12.623,677.27,61.516
3,590,1,1.00E-07,1.00E-07,50,0.0002934,2.84E-05,8.0012,0.84867,113.52,14.489,584.79,58.543
3,595,1,1.00E-07,1.00E-07,50,5.09E-05,4.43E-06,10.848,0.99048,175.4,17.144,568.17,55.678
3,600,1,1.00E-07,0.5,1.00E-07,7.27E-06,7.00E-07,12.017,1.1143,219.55,20.61,506.87,52.94
3,605,1,1.00E-07,0.5,1.00E-07,0.37917,0.040322,9.7432,0.97268,232.36,24.146,522.87,52.408
3,610,1,1.00E-07,0.5,1.00E-07,0.42968,0.046615,8.0645,0.84908,260.01,26.883,490.81,52.466
3,615,1,1.00E-07,0.5,1.00E-07,0.45966,0.047598,6.4605,0.74119,306.75,28.913,471.13,52.444
3,620,1,1.00E-07,0.5,1.00E-07,0.49777,0.047751,6.5114,0.64701,246.74,30.36,480.81,52.329
3,625,1,1.00E-07,0.5,1.00E-07,0.44233,0.047775,5.5876,0.56479,297.61,31.327,496.23,52.156
3,630,1,1.00E-07,0.5,1.00E-07,0.51464,0.047779,5.2897,0.49302,339.16,31.897,536.11,51.955
3,635,1,1.00E-07,0.5,1.00E-07,0.43264,0.047779,4.2225,0.43038,301.71,32.137,581.51,51.748
3,640,1,1.00E-07,0.5,1.00E-07,0.45022,0.047779,4.2331,0.37569,319.68,32.103,497.91,51.553
3,645,1,1.00E-07,0.5,1.00E-07,0.5268,0.047779,3.0623,0.32795,360.21,31.844,526.5,51.381
3,650,1,1.00E-07,0.5,1.00E-07,0.47385,0.047779,2.8624,0.28628,315.94,31.398,493.17,51.242
3,655,1,1.00E-07,0.5,1.00E-07,0.57415,0.047779,2.5105,0.2499,305.25,30.8,606.88,51.143
3,660,1,1.00E-07,0.5,1.00E-07,0.4542,0.047779,2.1297,0.21815,321.02,30.08,576.16,51.09
3,665,1,1.00E-07,0.5,1.00E-07,0.48944,0.047779,1.8215,0.19043,323.2,29.263,541.58,51.085
3,670,1,1.00E-07,0.5,1.00E-07,0.46114,0.047779,1.7937,0.16623,294.4,28.371,467.16,51.133
3,675,1,1.00E-07,0.5,1.00E-07,0.45222,0.047779,1.233,0.14511,259.04,27.423,436.04,51.235
3,680,1,1.00E-07,0.5,1.00E-07,0.5009,0.047779,1.2748,0.12667,263.94,26.436,593.4,51.395
3,685,1,1.00E-07,0.5,1.00E-07,0.51979,0.047779,1.1326,0.11057,264.38,25.423,472.93,51.611
3,690,1,1.00E-07,0.5,1.00E-07,0.43489,0.047779,1.0368,0.096521,252.31,24.396,581.27,51.886
3,695,1,1.00E-07,0.5,1.00E-07,0.46041,0.047779,0.79717,0.084256,239.15,23.367,534.98,52.22
3,700,1,1.00E-07,0.5,1.00E-07,0.44925,0.047779,0.56979,0.07355,222.83,22.343,529.08,52.614
3,705,1,1.00E-07,0.5,1.00E-07,0.46933,0.047779,0.57181,0.064204,187.54,21.332,583.2,53.066
3,710,1,1.00E-07,0.5,1.00E-07,0.40437,0.047779,0.52311,0.056046,185.57,20.34,576.57,53.577
3,715,1,1.00E-07,0.5,1.00E-07,0.48951,0.047779,0.48873,0.048924,192.04,19.372,518.89,54.147
3,720,1,1.00E-07,1.00E-07,50,0.43193,0.047779,0.43766,0.042707,196.84,18.432,509.12,54.774
3,725,1,1.00E-07,1.00E-07,50,0.072003,0.0074571,2.5729,0.28693,225.89,18.128,550.57,54.208
3,730,1,1.00E-07,1.00E-07,50,0.011029,0.0011639,5.7546,0.50012,180.87,18.99,602.38,52.252
3,735,1,1.00E-07,1.00E-07,50,0.0017935,0.00018166,7.9337,0.68622,195.38,21.034,442.74,49.921
3,740,1,1.00E-07,1.00E-07,50,0.0002664,2.84E-05,8.3096,0.84867,219.34,24.264,455.21,47.588
3,745,1,1.00E-07,1.00E-07,50,4.41E-05,4.43E-06,8.9702,0.99048,287.09,28.637,489.24,45.348
3,750,1,1.00E-07,0.5,1.00E-07,6.54E-06,7.00E-07,10.122,1.1143,341.9,34.069,418.82,43.217
3,755,1,1.00E-07,0.5,1.00E-07,0.42071,0.040322,10.177,0.97268,369.48,39.517,461.85,42.757
3,760,1,1.00E-07,0.5,1.00E-07,0.45231,0.046615,7.4305,0.84908,380.62,43.851,476.5,42.769
3,765,1,1.00E-07,0.5,1.00E-07,0.54782,0.047598,7.6192,0.74119,487.43,47.169,482.21,42.723
3,770,1,1.00E-07,0.5,1.00E-07,0.50594,0.047751,6.8234,0.64701,532.66,49.623,438.4,42.603
3,775,1,1.00E-07,0.5,1.00E-07,0.52106,0.047775,5.6571,0.56479,456.8,51.347,357.12,42.435
3,780,1,1.00E-07,0.5,1.00E-07,0.45076,0.047779,4.5919,0.49303,499.01,52.452,361.45,42.244
3,785,1,1.00E-07,0.5,1.00E-07,0.41856,0.047779,4.9689,0.43038,409.87,53.031,430.5,42.047
3,790,1,1.00E-07,0.5,1.00E-07,0.47962,0.047779,4.1552,0.37569,527.83,53.163,343.12,41.856
3,795,1,1.00E-07,0.5,1.00E-07,0.49531,0.047779,2.9132,0.32795,473.43,52.919,429.19,41.682
3,800,1,1.00E-07,0.5,1.00E-07,0.42758,0.047779,3.1959,0.28628,537.5,52.356,399.65,41.532
3,805,1,1.00E-07,0.5,1.00E-07,0.59011,0.047779,2.6282,0.2499,488.44,51.527,392.22,41.413
3,810,1,1.00E-07,0.5,1.00E-07,0.5149,0.047779,2.0853,0.21815,467.92,50.478,376.5,41.328
3,815,1,1.00E-07,0.5,1.00E-07,0.39561,0.047779,1.804,0.19043,402.41,49.249,362.25,41.28
3,820,1,1.00E-07,0.5,1.00E-07,0.51029,0.047779,1.9131,0.16623,381.88,47.875,433.64,41.274
3,825,1,1.00E-07,0.5,1.00E-07,0.47609,0.047779,1.5156,0.14511,402.25,46.387,416.25,41.31
3,830,1,1.00E-07,0.5,1.00E-07,0.55085,0.047779,1.301,0.12667,436.55,44.812,399.08,41.391
3,835,1,1.00E-07,0.5,1.00E-07,0.38626,0.047779,1.0201,0.11057,451.78,43.176,396.72,41.518
3,840,1,1.00E-07,0.5,1.00E-07,0.40689,0.047779,0.94214,0.096521,337.79,41.498,404.89,41.692
3,845,1,1.00E-07,0.5,1.00E-07,0.57055,0.047779,0.73824,0.084256,364.89,39.796,416.8,41.914
3,850,1,1.00E-07,0.5,1.00E-07,0.41802,0.047779,0.75951,0.07355,378.06,38.088,399.78,42.185
3,855,1,1.00E-07,0.5,1.00E-07,0.44817,0.047779,0.71551,0.064204,429.18,36.386,353.84,42.505
3,860,1,1.00E-07,0.5,1.00E-07,0.62321,0.047779,0.55273,0.056046,309.18,34.702,415.4,42.875
3,865,1,1.00E-07,0.5,1.00E-07,0.53221,0.047779,0.50871,0.048924,337.86,33.046,465.31,43.295
3,870,1,1.00E-07,1.00E-07,50,0.45266,0.047779,0.4417,0.042707,312.64,31.426,470.52,43.765
3,875,1,1.00E-07,1.00E-07,50,0.060412,0.0074571,2.6966,0.28693,297.7,31.024,428.23,43.3
3,880,1,1.00E-07,1.00E-07,50,0.0099135,0.0011639,5.8386,0.50012,357.43,32.706,375.31,41.794
3,885,1,1.00E-07,1.00E-07,50,0.0019941,0.00018166,6.5737,0.68622,380.93,36.253,408.56,40.027
3,890,1,1.00E-07,1.00E-07,50,0.00028481,2.84E-05,6.9952,0.84867,445.75,41.425,467.93,38.27
3,895,1,1.00E-07,1.00E-07,50,4.37E-05,4.43E-06,10.591,0.99048,479.77,47.944,304.02,36.592
3,900,1,1.00E-07,0.25,20,6.46E-06,7.00E-07,12.255,1.1143,538.01,55.526,340.07,35.005
3,905,1,1.00E-07,0.25,20,0.17155,0.020161,12.068,1.0725,609.42,63.333,288.16,34.273
3,910,1,1.00E-07,0.25,20,0.27098,0.023308,9.2753,1.0361,621.45,70.578,306,33.83
3,915,1,1.00E-07,0.25,20,0.27132,0.023799,10.91,1.0043,825.84,77.29,344.85,33.376
3,920,1,1.00E-07,0.25,20,0.2194,0.023875,8.5769,0.97656,787.31,83.547,355.58,32.895
3,925,1,1.00E-07,0.25,20,0.25669,0.023887,9.2909,0.95233,897.4,89.419,351.84,32.396
3,930,1,1.00E-07,0.25,20,0.25392,0.023889,10.768,0.93118,1176.7,94.963,311.03,31.889
3,935,1,1.00E-07,0.25,20,0.2285,0.02389,11.077,0.91271,1154,100.23,323.31,31.382
3,940,1,1.00E-07,0.25,20,0.23247,0.02389,8.5809,0.89659,1220.4,105.25,316.13,30.879
3,945,1,1.00E-07,0.25,20,0.21526,0.02389,8.4016,0.88252,1026.4,110.06,305.47,30.384
3,950,1,1.00E-07,0.25,20,0.24264,0.02389,8.713,0.87024,1145.7,114.68,282.81,29.9
3,955,1,1.00E-07,0.25,20,0.27718,0.02389,7.2861,0.85952,1227.8,119.14,286.41,29.429
3,960,1,1.00E-07,0.25,20,0.23395,0.02389,10.714,0.85016,1288.4,123.45,273.1,28.972
3,965,1,1.00E-07,0.25,20,0.21551,0.02389,7.2832,0.84199,992.09,127.62,249.28,28.531
3,970,1,1.00E-07,0.25,20,0.24518,0.02389,8.2922,0.83486,1214.6,131.67,311.63,28.105
3,975,1,1.00E-07,0.25,20,0.24002,0.02389,8.251,0.82864,1361.4,135.6,263.4,27.695
3,980,1,1.00E-07,0.25,20,0.25711,0.02389,9.5106,0.8232,1304.4,139.41,270.6,27.301
3,985,1,1.00E-07,0.25,20,0.2604,0.02389,7.0398,0.81846,1040.1,143.12,340.07,26.923
3,990,1,1.00E-07,0.25,20,0.25131,0.02389,8.3943,0.81432,1418.7,146.73,267.65,26.561
3,995,1,1.00E-07,0.25,20,0.20654,0.02389,8.4105,0.8107,1581.7,150.24,247.12,26.214
3,1000,1,1.00E-07,0.25,20,0.22617,0.02389,6.1806,0.80755,1798.8,153.65,291.2,25.882
3,1005,1,1.00E-07,0.25,20,0.2573,0.02389,7.8499,0.80479,1409.9,156.96,245.33,25.565
3,1010,1,1.00E-07,0.25,20,0.22417,0.02389,8.0471,0.80239,1769.8,160.18,205.53,25.262
3,1015,1,1.00E-07,0.25,20,0.24142,0.02389,8.4131,0.80029,1731.5,163.3,254.05,24.973
3,1020,1,1.00E-07,0.25,20,0.22675,0.02389,7.4752,0.79846,1660.9,166.33,257.55,24.697
3,1025,1,1.00E-07,0.25,20,0.23087,0.02389,7.489,0.79686,1559.3,169.26,254,24.434
3,1030,1,1.00E-07,0.25,20,0.25503,0.02389,8.2473,0.79546,1957.5,172.11,256.43,24.183
3,1035,1,1.00E-07,0.25,20,0.25774,0.02389,6.2758,0.79424,2131.1,174.86,247.54,23.944
3,1040,1,1.00E-07,0.25,20,0.24311,0.02389,7.5899,0.79318,1524,177.52,239.74,23.716
3,1045,1,1.00E-07,0.25,20,0.25207,0.02389,8.0817,0.79225,1879.3,180.09,265.6,23.499
3,1050,1,1.00E-07,0.25,20,0.23558,0.02389,9.2702,0.79144,1965,182.58,203.91,23.293
3,1055,1,1.00E-07,0.25,20,0.20427,0.02389,8.7745,0.79073,1741.3,184.97,235.56,23.097
3,1060,1,1.00E-07,0.25,20,0.23431,0.02389,7.6104,0.79011,1842,187.28,285.95,22.91
3,1065,1,1.00E-07,0.25,20,0.20981,0.02389,7.1172,0.78957,1859.6,189.51,226.31,22.732
3,1070,1,1.00E-07,0.25,20,0.2519,0.02389,7.9863,0.7891,2183.8,191.66,245.38,22.563
3,1075,1,1.00E-07,0.25,20,0.23768,0.02389,8.8157,0.78869,2146.1,193.72,221.49,22.402
3,1080,1,1.00E-07,0.25,20,0.26108,0.02389,7.6379,0.78833,2008.1,195.71,186.34,22.25
3,1085,1,1.00E-07,0.25,20,0.24734,0.02389,6.8586,0.78802,2164.1,197.61,235.7,22.104
3,1090,1,1.00E-07,0.25,20,0.19036,0.02389,7.2929,0.78775,2354.6,199.44,248.53,21.966
3,1095,1,1.00E-07,0.25,20,0.26938,0.02389,7.9022,0.78751,2210.3,201.2,177.26,21.835
3,1100,1,1.00E-07,0.25,20,0.20512,0.02389,8.1706,0.7873,1957.3,202.89,260.24,21.711
3,1105,1,1.00E-07,0.25,20,0.25981,0.02389,8.0191,0.78712,2086.2,204.51,236.54,21.593
3,1110,1,1.00E-07,0.25,20,0.24869,0.02389,7.9437,0.78696,2392.3,206.06,207.11,21.48
3,1115,1,1.00E-07,0.25,20,0.21373,0.02389,7.4007,0.78682,2121.9,207.54,213.1,21.374
3,1120,1,1.00E-07,0.25,20,0.2301,0.02389,7.841,0.7867,2112.2,208.96,212.41,21.272
3,1125,1,1.00E-07,0.25,20,0.18786,0.02389,8.5711,0.78659,1863,210.32,195.66,21.176
3,1130,1,1.00E-07,0.25,20,0.24527,0.02389,6.7318,0.7865,2231.7,211.62,248.34,21.085
3,1135,1,1.00E-07,0.25,20,0.24756,0.02389,7.2658,0.78642,2095.2,212.87,227.5,20.998
3,1140,1,1.00E-07,0.25,20,0.23575,0.02389,6.07,0.78635,2190.8,214.05,196.7,20.916
3,1145,1,1.00E-07,0.25,20,0.25726,0.02389,8.5429,0.78629,2219.6,215.19,231.29,20.838
3,1150,1,1.00E-07,0.25,20,0.22472,0.02389,9.1845,0.78624,2155.3,216.27,242.53,20.764
3,1155,1,1.00E-07,0.25,20,0.23266,0.02389,8.7638,0.78619,2048.4,217.31,268.87,20.693
3,1160,1,1.00E-07,0.25,20,0.2206,0.02389,8.5076,0.78615,2191.2,218.3,197.7,20.627
3,1165,1,1.00E-07,0.25,20,0.23761,0.02389,7.2204,0.78611,1947.1,219.24,205.82,20.563
3,1170,1,1.00E-07,0.25,20,0.1962,0.02389,6.4466,0.78608,1908.7,220.14,155.43,20.503
3,1175,1,1.00E-07,0.25,20,0.23634,0.02389,7.9515,0.78606,2191.9,221,239.98,20.446
3,1180,1,1.00E-07,0.25,20,0.23341,0.02389,7.1783,0.78603,2513,221.81,238.83,20.392
3,1185,1,1.00E-07,0.25,20,0.22061,0.02389,6.0891,0.78601,2103.8,222.59,194.88,20.341
3,1190,1,1.00E-07,0.25,20,0.25211,0.02389,9.0153,0.78599,2672.8,223.34,196.77,20.292
3,1195,1,1.00E-07,0.25,20,0.22517,0.02389,7.155,0.78598,2067.4,224.04,152.21,20.246
3,1200,1,1.00E-07,0.25,20,0.28131,0.02389,7.5281,0.78596,2258.8,224.72,241.88,20.202
3,1205,1,1.00E-07,0.25,20,0.25096,0.02389,9.4498,0.78595,2279.4,225.36,161.88,20.161
3,1210,1,1.00E-07,0.25,20,0.21653,0.02389,8.5736,0.78594,2214.9,225.97,208.32,20.121
3,1215,1,1.00E-07,0.25,20,0.28509,0.02389,8.2036,0.78593,2451.9,226.55,180.25,20.084
3,1220,1,1.00E-07,0.25,20,0.25012,0.02389,6.8597,0.78592,1999.9,227.1,212.83,20.048
3,1225,1,1.00E-07,0.25,20,0.22925,0.02389,7.6036,0.78592,2297.3,227.63,205.8,20.015
3,1230,1,1.00E-07,0.25,20,0.27191,0.02389,7.4381,0.78591,2202,228.13,235.2,19.983
3,1235,1,1.00E-07,0.25,20,0.19431,0.02389,7.9981,0.78591,2396.6,228.61,226.81,19.953
3,1240,1,1.00E-07,0.25,20,0.2487,0.02389,7.5185,0.7859,1940.2,229.06,187.75,19.924
3,1245,1,1.00E-07,0.25,20,0.23479,0.02389,8.8447,0.7859,2823,229.49,195.43,19.897
3,1250,1,1.00E-07,0.25,20,0.25679,0.02389,7.7035,0.78589,2409.6,229.9,178.95,19.871
3,1255,1,1.00E-07,0.25,20,0.2611,0.02389,8.3667,0.78589,2607.3,230.29,221.18,19.846
3,1260,1,1.00E-07,0.25,20,0.23346,0.02389,8.33,0.78589,1934.5,230.66,237.9,19.823
3,1265,1,1.00E-07,0.25,20,0.29006,0.02389,7.9291,0.78589,2409.4,231.01,214.9,19.801
3,1270,1,1.00E-07,0.25,20,0.22628,0.02389,8.1543,0.78588,2300.7,231.34,208.3,19.78
3,1275,1,1.00E-07,0.25,20,0.25301,0.02389,5.7147,0.78588,2328.9,231.66,226.64,19.76
3,1280,1,1.00E-07,0.25,20,0.25151,0.02389,7.852,0.78588,2065.6,231.96,205.29,19.742
3,1285,1,1.00E-07,0.25,20,0.2418,0.02389,7.8672,0.78588,2003.3,232.25,229.52,19.724
3,1290,1,1.00E-07,0.25,20,0.23765,0.02389,9.1909,0.78588,2740.9,232.52,213.38,19.707
3,1295,1,1.00E-07,0.25,20,0.25082,0.02389,7.2518,0.78588,2280.9,232.78,165.74,19.691
3,1300,1,1.00E-07,0.25,20,0.22278,0.02389,7.858,0.78588,2329.4,233.03,198.06,19.676
3,1305,1,1.00E-07,0.25,20,0.28995,0.02389,8.7767,0.78587,2285.3,233.26,200.53,19.661
3,1310,1,1.00E-07,0.25,20,0.25935,0.02389,6.3273,0.78587,2241.7,233.48,206.11,19.648
3,1315,1,1.00E-07,0.25,20,0.22782,0.02389,9.2747,0.78587,2755.8,233.69,163.92,19.635
3,1320,1,1.00E-07,0.25,20,0.2356,0.02389,8.5775,0.78587,1693.5,233.89,161.49,19.623
3,1325,1,1.00E-07,0.25,20,0.25353,0.02389,9.3567,0.78587,1702.9,234.08,191.57,19.611
3,1330,1,1.00E-07,0.25,20,0.23093,0.02389,7.7668,0.78587,1939,234.26,196.19,19.6
3,1335,1,1.00E-07,0.25,20,0.23976,0.02389,7.1662,0.78587,2312.6,234.43,181.91,19.589
3,1340,1,1.00E-07,0.25,20,0.25239,0.02389,8.6563,0.78587,2327.9,234.6,186.16,19.579
3,1345,1,1.00E-07,0.25,20,0.21809,0.02389,6.7468,0.78587,2401.6,234.75,209.8,19.57
3,1350,1,1.00E-07,0.25,20,0.24815,0.02389,6.5392,0.78587,2575,234.9,201.16,19.561
3,1355,1,1.00E-07,0.25,20,0.26523,0.02389,7.3595,0.78587,2579.4,235.04,199.01,19.553
3,1360,1,1.00E-07,0.25,20,0.24724,0.02389,7.7487,0.78587,2127.1,235.17,175.98,19.545
3,1365,1,1.00E-07,0.25,20,0.20848,0.02389,7.5309,0.78587,2412,235.29,191.24,19.537
3,1370,1,1.00E-07,0.25,20,0.27557,0.02389,9.5651,0.78587,2212.9,235.41,192.13,19.53
3,1375,1,1.00E-07,0.25,20,0.2486,0.02389,7.5199,0.78587,2442,235.52,168.71,19.523
3,1380,1,1.00E-07,0.25,20,0.25139,0.02389,7.0914,0.78587,2636.8,235.63,225.86,19.517
3,1385,1,1.00E-07,0.25,20,0.2097,0.02389,7.008,0.78587,2312.3,235.73,218.72,19.51
3,1390,1,1.00E-07,0.25,20,0.24503,0.02389,6.9437,0.78587,2701.3,235.83,168.9,19.505
3,1395,1,1.00E-07,0.25,20,0.22513,0.02389,8.5404,0.78587,2244,235.92,186.36,19.499
3,1400,1,1.00E-07,0.25,20,0.23317,0.02389,8.093,0.78587,2562.9,236.01,220.45,19.494
3,1405,1,1.00E-07,0.25,20,0.24491,0.02389,8.5352,0.78587,2237.1,236.09,198.03,19.489
3,1410,1,1.00E-07,0.25,20,0.18299,0.02389,7.8443,0.78587,2947.7,236.17,149.75,19.484
3,1415,1,1.00E-07,0.25,20,0.2724,0.02389,8.5029,0.78587,2711.6,236.24,176.3,19.48
3,1420,1,1.00E-07,0.25,20,0.1955,0.02389,7.7433,0.78587,2315.4,236.31,226.06,19.475
3,1425,1,1.00E-07,0.25,20,0.21486,0.02389,7.9153,0.78587,1945.9,236.38,175.77,19.471
3,1430,1,1.00E-07,0.25,20,0.1997,0.02389,6.9247,0.78587,2787.8,236.44,218.64,19.468
3,1435,1,1.00E-07,0.25,20,0.23193,0.02389,8.6411,0.78587,2372,236.5,174.09,19.464